Plot Title: Sensor_09,,,,,,,
#,"Date Time, GMT-05:00","Temp, °F (LGR S/N: 10392516, SEN S/N: 10392516)","RH, % (LGR S/N: 10392516, SEN S/N: 10392516)","Intensity, Lux (LGR S/N: 10392516, SEN S/N: 10392516)",Host Connected (LGR S/N: 10392516),Stopped (LGR S/N: 10392516),End Of File (LGR S/N: 10392516)
1,9/26/2022 17:00,80.227,55.617,642.5,,,
2,9/26/2022 17:05,80.449,55.509,618.9,,,
3,9/26/2022 17:10,80.449,55.162,603.1,,,
4,9/26/2022 17:15,79.7,55.26,587.3,,,
5,9/26/2022 17:20,79.655,55.728,563.7,,,
6,9/26/2022 17:25,79.876,55.651,540,,,
7,9/26/2022 17:30,80.096,55.543,516.4,,,
8,9/26/2022 17:35,80.184,55.267,492.7,,,
9,9/26/2022 17:40,79.524,54.616,461.2,,,
10,9/26/2022 17:45,78.645,54.231,445.4,,,
11,9/26/2022 17:50,77.902,53.921,413.9,,,
12,9/26/2022 17:55,77.203,53.519,390.2,,,
13,9/26/2022 18:00,76.507,53.434,366.6,,,
14,9/26/2022 18:05,75.898,53.26,335.1,,,
15,9/26/2022 18:10,75.333,54.158,311.4,,,
16,9/26/2022 18:15,75.637,54.371,287.8,,,
17,9/26/2022 18:20,75.81,54.008,256.2,,,
18,9/26/2022 18:25,75.247,53.712,232.6,,,
19,9/26/2022 18:30,74.986,55.007,208.9,,,
20,9/26/2022 18:35,75.333,54.879,177.4,,,
21,9/26/2022 18:40,75.29,54.374,153.7,,,
22,9/26/2022 18:45,74.683,54.67,130.1,,,
23,9/26/2022 18:50,74.813,55.305,106.4,,,
24,9/26/2022 18:55,75.117,55.174,74.9,,,
25,9/26/2022 19:00,75.074,54.576,51.2,,,
26,9/26/2022 19:05,74.511,55.406,35.5,,,
27,9/26/2022 19:10,74.683,55.638,19.7,,,
28,9/26/2022 19:15,74.943,55.503,11.8,,,
29,9/26/2022 19:20,75.117,55.017,11.8,,,
30,9/26/2022 19:25,74.511,55.281,11.8,,,
31,9/26/2022 19:30,74.511,55.997,11.8,,,
32,9/26/2022 19:35,74.727,55.859,11.8,,,
33,9/26/2022 19:40,74.943,55.441,11.8,,,
34,9/26/2022 19:45,74.381,55.457,11.8,,,
35,9/26/2022 19:50,74.295,56.322,11.8,,,
36,9/26/2022 19:55,74.511,56.122,11.8,,,
37,9/26/2022 20:00,74.727,55.953,11.8,,,
38,9/26/2022 20:05,74.813,55.43,11.8,,,
39,9/26/2022 20:10,74.12,55.997,11.8,,,
40,9/26/2022 20:15,74.12,56.494,11.8,,,
41,9/26/2022 20:20,74.338,56.387,11.8,,,
42,9/26/2022 20:25,74.511,56.215,11.8,,,
43,9/26/2022 20:30,74.163,55.315,11.8,,,
44,9/26/2022 20:35,73.688,56.83,11.8,,,
45,9/26/2022 20:40,73.904,56.755,11.8,,,
46,9/26/2022 20:45,74.077,56.583,11.8,,,
47,9/26/2022 20:50,74.25,56.411,11.8,,,
48,9/26/2022 20:55,74.381,56.329,11.8,,,
49,9/26/2022 21:00,74.12,55.436,11.8,,,
50,9/26/2022 21:05,73.515,56.847,11.8,,,
51,9/26/2022 21:10,73.645,56.889,11.8,,,
52,9/26/2022 21:15,73.818,56.686,11.8,,,
53,9/26/2022 21:20,73.947,56.542,11.8,,,
54,9/26/2022 21:25,74.077,56.428,11.8,,,
55,9/26/2022 21:30,74.206,56.346,11.8,,,
56,9/26/2022 21:35,74.295,56.291,11.8,,,
57,9/26/2022 21:40,73.904,55.481,11.8,,,
58,9/26/2022 21:45,73.299,56.922,11.8,,,
59,9/26/2022 21:50,73.429,56.902,11.8,,,
60,9/26/2022 21:55,73.558,56.726,11.8,,,
61,9/26/2022 22:00,73.688,56.551,11.8,,,
62,9/26/2022 22:05,73.818,56.469,11.8,,,
63,9/26/2022 22:10,73.904,56.352,11.8,,,
64,9/26/2022 22:15,73.472,55.508,11.8,,,
65,9/26/2022 22:20,72.912,57.044,11.8,,,
66,9/26/2022 22:25,72.997,56.989,11.8,,,
67,9/26/2022 22:30,73.126,56.845,11.8,,,
68,9/26/2022 22:35,73.256,56.701,11.8,,,
69,9/26/2022 22:40,73.342,56.461,11.8,,,
70,9/26/2022 22:45,73.429,56.437,11.8,,,
71,9/26/2022 22:50,73.515,56.382,11.8,,,
72,9/26/2022 22:55,73.558,56.385,11.8,,,
73,9/26/2022 23:00,73.602,56.327,11.8,,,
74,9/26/2022 23:05,73.602,56.327,11.8,,,
75,9/26/2022 23:10,73.645,56.299,11.8,,,
76,9/26/2022 23:15,73.688,56.303,11.8,,,
77,9/26/2022 23:20,73.688,56.272,11.8,,,
78,9/26/2022 23:25,73.731,56.244,11.8,,,
79,9/26/2022 23:30,73.731,56.244,11.8,,,
80,9/26/2022 23:35,73.731,56.244,11.8,,,
81,9/26/2022 23:40,73.213,55.301,11.8,,,
82,9/26/2022 23:45,72.567,56.861,11.8,,,
83,9/26/2022 23:50,72.653,56.837,11.8,,,
84,9/26/2022 23:55,72.739,56.627,11.8,,,
85,9/27/2022 0:00,72.826,56.325,11.8,,,
86,9/27/2022 0:05,72.869,56.359,11.8,,,
87,9/27/2022 0:10,72.869,56.39,11.8,,,
88,9/27/2022 0:15,72.912,56.332,11.8,,,
89,9/27/2022 0:20,72.912,56.332,11.8,,,
90,9/27/2022 0:25,72.912,56.394,11.8,,,
91,9/27/2022 0:30,72.912,56.332,11.8,,,
92,9/27/2022 0:35,72.912,56.27,11.8,,,
93,9/27/2022 0:40,72.869,56.266,11.8,,,
94,9/27/2022 0:45,72.869,56.173,11.8,,,
95,9/27/2022 0:50,72.869,56.204,11.8,,,
96,9/27/2022 0:55,72.826,56.139,11.8,,,
97,9/27/2022 1:00,72.826,56.139,11.8,,,
98,9/27/2022 1:05,72.783,56.228,11.8,,,
99,9/27/2022 1:10,72.783,56.197,11.8,,,
100,9/27/2022 1:15,72.739,56.194,11.8,,,
101,9/27/2022 1:20,72.696,56.19,11.8,,,
102,9/27/2022 1:25,72.696,56.159,11.8,,,
103,9/27/2022 1:30,72.653,56.187,11.8,,,
104,9/27/2022 1:35,72.653,56.218,11.8,,,
105,9/27/2022 1:40,72.61,56.214,11.8,,,
106,9/27/2022 1:45,72.61,56.183,11.8,,,
107,9/27/2022 1:50,72.567,56.18,11.8,,,
108,9/27/2022 1:55,72.523,56.207,11.8,,,
109,9/27/2022 2:00,72.523,56.145,11.8,,,
110,9/27/2022 2:05,72.48,56.203,11.8,,,
111,9/27/2022 2:10,72.437,56.169,11.8,,,
112,9/27/2022 2:15,72.437,56.169,11.8,,,
113,9/27/2022 2:20,72.394,56.165,11.8,,,
114,9/27/2022 2:25,72.351,56.162,11.8,,,
115,9/27/2022 2:30,72.307,56.158,11.8,,,
116,9/27/2022 2:35,72.307,56.158,11.8,,,
117,9/27/2022 2:40,72.264,56.124,11.8,,,
118,9/27/2022 2:45,72.221,56.151,11.8,,,
119,9/27/2022 2:50,72.178,56.148,11.8,,,
120,9/27/2022 2:55,72.136,56.113,11.8,,,
121,9/27/2022 3:00,72.093,56.11,11.8,,,
122,9/27/2022 3:05,72.05,56.044,11.8,,,
123,9/27/2022 3:10,72.007,56.103,11.8,,,
124,9/27/2022 3:15,71.964,56.006,11.8,,,
125,9/27/2022 3:20,71.92,56.003,11.8,,,
126,9/27/2022 3:25,71.834,56.057,11.8,,,
127,9/27/2022 3:30,71.791,56.023,11.8,,,
128,9/27/2022 3:35,71.748,56.081,11.8,,,
129,9/27/2022 3:40,71.704,56.047,11.8,,,
130,9/27/2022 3:45,71.661,56.043,11.8,,,
131,9/27/2022 3:50,71.62,56.04,11.8,,,
132,9/27/2022 3:55,71.533,56.064,11.8,,,
133,9/27/2022 4:00,71.49,56.06,11.8,,,
134,9/27/2022 4:05,71.447,56.087,11.8,,,
135,9/27/2022 4:10,71.404,56.053,11.8,,,
136,9/27/2022 4:15,71.361,56.08,11.8,,,
137,9/27/2022 4:20,71.274,56.073,11.8,,,
138,9/27/2022 4:25,71.231,56.07,11.8,,,
139,9/27/2022 4:30,71.19,56.097,11.8,,,
140,9/27/2022 4:35,71.146,56.063,11.8,,,
141,9/27/2022 4:40,71.103,56.09,11.8,,,
142,9/27/2022 4:45,71.017,56.114,11.8,,,
143,9/27/2022 4:50,70.974,56.079,11.8,,,
144,9/27/2022 4:55,70.93,56.076,11.8,,,
145,9/27/2022 5:00,70.887,56.103,11.8,,,
146,9/27/2022 5:05,70.846,56.131,11.8,,,
147,9/27/2022 5:10,70.759,56.154,11.8,,,
148,9/27/2022 5:15,70.716,56.12,11.8,,,
149,9/27/2022 5:20,70.673,56.147,11.8,,,
150,9/27/2022 5:25,70.63,56.206,11.8,,,
151,9/27/2022 5:30,70.587,56.14,11.8,,,
152,9/27/2022 5:35,70.502,56.164,11.8,,,
153,9/27/2022 5:40,70.459,56.191,11.8,,,
154,9/27/2022 5:45,70.416,56.188,11.8,,,
155,9/27/2022 5:50,70.372,56.184,11.8,,,
156,9/27/2022 5:55,70.329,56.181,11.8,,,
157,9/27/2022 6:00,70.243,56.205,11.8,,,
158,9/27/2022 6:05,70.201,56.232,11.8,,,
159,9/27/2022 6:10,70.158,56.167,11.8,,,
160,9/27/2022 6:15,70.115,56.194,11.8,,,
161,9/27/2022 6:20,70.072,56.221,11.8,,,
162,9/27/2022 6:25,69.985,56.152,11.8,,,
163,9/27/2022 6:30,69.942,56.211,11.8,,,
164,9/27/2022 6:35,69.901,56.238,11.8,,,
165,9/27/2022 6:40,69.858,56.234,11.8,,,
166,9/27/2022 6:45,69.814,56.262,11.8,,,
167,9/27/2022 6:50,69.728,56.255,11.8,,,
168,9/27/2022 6:55,69.685,56.251,11.8,,,
169,9/27/2022 7:00,69.643,56.278,11.8,,,
170,9/27/2022 7:05,69.6,56.275,11.8,,,
171,9/27/2022 7:10,69.557,56.302,11.8,,,
172,9/27/2022 7:15,69.514,56.268,11.8,,,
173,9/27/2022 7:20,69.471,56.295,11.8,,,
174,9/27/2022 7:25,69.427,56.291,19.7,,,
175,9/27/2022 7:30,69.386,56.288,35.5,,,
176,9/27/2022 7:35,69.343,56.315,51.2,,,
177,9/27/2022 7:40,69.3,56.281,67,,,
178,9/27/2022 7:45,69.256,56.277,82.8,,,
179,9/27/2022 7:50,69.213,56.274,98.5,,,
180,9/27/2022 7:55,69.213,56.274,122.2,,,
181,9/27/2022 8:00,69.17,56.27,138,,,
182,9/27/2022 8:05,69.17,56.27,153.7,,,
183,9/27/2022 8:10,69.129,56.267,177.4,,,
184,9/27/2022 8:15,69.085,56.263,193.2,,,
185,9/27/2022 8:20,69.085,56.232,208.9,,,
186,9/27/2022 8:25,69.085,56.232,232.6,,,
187,9/27/2022 8:30,69.042,56.198,248.3,,,
188,9/27/2022 8:35,69.042,56.198,272,,,
189,9/27/2022 8:40,69.042,56.229,295.6,,,
190,9/27/2022 8:45,69.042,56.198,311.4,,,
191,9/27/2022 8:50,69.042,56.198,327.2,,,
192,9/27/2022 8:55,69.085,56.14,342.9,,,
193,9/27/2022 9:00,69.085,56.171,358.7,,,
194,9/27/2022 9:05,69.129,56.143,374.5,,,
195,9/27/2022 9:10,69.129,56.112,390.2,,,
196,9/27/2022 9:15,69.17,56.085,406,,,
197,9/27/2022 9:20,69.213,56.027,429.7,,,
198,9/27/2022 9:25,69.256,55.969,445.4,,,
199,9/27/2022 9:30,69.3,55.942,461.2,,,
200,9/27/2022 9:35,69.343,55.914,477,,,
201,9/27/2022 9:40,69.427,55.891,492.7,,,
202,9/27/2022 9:45,69.471,55.863,508.5,,,
203,9/27/2022 9:50,69.514,55.805,532.2,,,
204,9/27/2022 9:55,69.6,55.75,540,,,
205,9/27/2022 10:00,69.685,55.757,563.7,,,
206,9/27/2022 10:05,69.771,55.733,571.6,,,
207,9/27/2022 10:10,69.858,55.679,587.3,,,
208,9/27/2022 10:15,69.985,55.658,603.1,,,
209,9/27/2022 10:20,70.115,55.607,618.9,,,
210,9/27/2022 10:25,70.201,55.552,634.6,,,
211,9/27/2022 10:30,70.329,55.47,650.4,,,
212,9/27/2022 10:35,70.416,55.384,666.2,,,
213,9/27/2022 10:40,70.587,55.336,681.9,,,
214,9/27/2022 10:45,70.716,55.284,697.7,,,
215,9/27/2022 10:50,70.846,55.202,705.6,,,
216,9/27/2022 10:55,70.974,55.119,721.4,,,
217,9/27/2022 11:00,71.103,55.068,729.2,,,
218,9/27/2022 11:05,71.274,55.02,745,,,
219,9/27/2022 11:10,71.447,54.94,760.8,,,
220,9/27/2022 11:15,71.577,54.92,768.7,,,
221,9/27/2022 11:20,71.748,54.871,784.4,,,
222,9/27/2022 11:25,71.92,54.854,784.4,,,
223,9/27/2022 11:30,72.093,54.806,800.2,,,
224,9/27/2022 11:35,72.221,54.754,808.1,,,
225,9/27/2022 11:40,72.394,54.737,816,,,
226,9/27/2022 11:45,72.567,54.688,823.9,,,
227,9/27/2022 11:50,72.739,54.64,831.7,,,
228,9/27/2022 11:55,72.912,54.591,839.6,,,
229,9/27/2022 12:00,73.083,54.574,855.4,,,
230,9/27/2022 12:05,73.256,54.556,855.4,,,
231,9/27/2022 12:10,73.429,54.476,863.3,,,
232,9/27/2022 12:15,73.602,54.459,871.2,,,
233,9/27/2022 12:20,73.774,54.442,871.2,,,
234,9/27/2022 12:25,73.947,54.362,879,,,
235,9/27/2022 12:30,74.163,54.379,886.9,,,
236,9/27/2022 12:35,74.338,54.33,886.9,,,
237,9/27/2022 12:40,74.511,54.344,894.8,,,
238,9/27/2022 12:45,74.683,54.326,902.7,,,
239,9/27/2022 12:50,74.856,54.309,910.6,,,
240,9/27/2022 12:55,75.029,54.26,910.6,,,
241,9/27/2022 13:00,75.204,54.242,918.5,,,
242,9/27/2022 13:05,75.376,54.225,918.5,,,
243,9/27/2022 13:10,75.551,54.207,918.5,,,
244,9/27/2022 13:15,75.724,54.221,926.3,,,
245,9/27/2022 13:20,75.898,54.203,926.3,,,
246,9/27/2022 13:25,76.028,54.182,926.3,,,
247,9/27/2022 13:30,76.203,54.164,926.3,,,
248,9/27/2022 13:35,76.375,54.178,926.3,,,
249,9/27/2022 13:40,76.507,54.126,926.3,,,
250,9/27/2022 13:45,76.681,54.139,926.3,,,
251,9/27/2022 13:50,76.811,54.15,926.3,,,
252,9/27/2022 13:55,76.986,54.132,926.3,,,
253,9/27/2022 14:00,77.117,54.111,934.2,,,
254,9/27/2022 14:05,77.292,54.062,934.2,,,
255,9/27/2022 14:10,77.421,54.072,934.2,,,
256,9/27/2022 14:15,77.553,53.988,934.2,,,
257,9/27/2022 14:20,77.684,53.967,934.2,,,
258,9/27/2022 14:25,77.815,53.882,926.3,,,
259,9/27/2022 14:30,77.945,53.861,918.5,,,
260,9/27/2022 14:35,78.076,53.84,926.3,,,
261,9/27/2022 14:40,78.208,53.85,918.5,,,
262,9/27/2022 14:45,78.339,53.766,918.5,,,
263,9/27/2022 14:50,78.471,53.713,910.6,,,
264,9/27/2022 14:55,78.559,53.625,910.6,,,
265,9/27/2022 15:00,78.69,53.572,902.7,,,
266,9/27/2022 15:05,78.822,53.551,894.8,,,
267,9/27/2022 15:10,78.953,53.498,894.8,,,
268,9/27/2022 15:15,79.084,53.382,886.9,,,
269,9/27/2022 15:20,79.173,53.388,879,,,
270,9/27/2022 15:25,79.304,53.304,871.2,,,
271,9/27/2022 15:30,79.435,53.251,863.3,,,
272,9/27/2022 15:35,79.524,53.162,855.4,,,
273,9/27/2022 15:40,79.655,53.078,839.6,,,
274,9/27/2022 15:45,79.788,52.993,831.7,,,
275,9/27/2022 15:50,79.876,52.904,823.9,,,
276,9/27/2022 15:55,80.008,52.851,808.1,,,
277,9/27/2022 16:00,80.096,52.794,800.2,,,
278,9/27/2022 16:05,80.227,52.773,784.4,,,
279,9/27/2022 16:10,80.316,52.716,776.6,,,
280,9/27/2022 16:15,80.404,52.659,760.8,,,
281,9/27/2022 16:20,80.492,52.634,745,,,
282,9/27/2022 16:25,80.58,52.609,729.2,,,
283,9/27/2022 16:30,80.668,52.552,713.5,,,
284,9/27/2022 16:35,80.492,51.966,697.7,,,
285,9/27/2022 16:40,79.524,52.592,681.9,,,
286,9/27/2022 16:45,79.524,52.877,658.3,,,
287,9/27/2022 16:50,79.743,52.767,642.5,,,
288,9/27/2022 16:55,79.963,52.721,626.8,,,
289,9/27/2022 17:00,80.139,52.639,611,,,
290,9/27/2022 17:05,80.316,52.557,595.2,,,
291,9/27/2022 17:10,80.227,52.074,579.5,,,
292,9/27/2022 17:15,79.216,52.727,555.8,,,
293,9/27/2022 17:20,79.261,53.047,532.2,,,
294,9/27/2022 17:25,79.524,52.941,508.5,,,
295,9/27/2022 17:30,79.743,52.862,484.9,,,
296,9/27/2022 17:35,79.92,52.749,469.1,,,
297,9/27/2022 17:40,80.051,52.346,437.5,,,
298,9/27/2022 17:45,79.216,51.934,413.9,,,
299,9/27/2022 17:50,78.121,51.597,390.2,,,
300,9/27/2022 17:55,77.16,51.493,366.6,,,
301,9/27/2022 18:00,76.332,51.494,342.9,,,
302,9/27/2022 18:05,75.594,51.47,311.4,,,
303,9/27/2022 18:10,74.943,52.337,287.8,,,
304,9/27/2022 18:15,75.16,53.109,264.1,,,
305,9/27/2022 18:20,75.594,52.67,240.5,,,
306,9/27/2022 18:25,75.074,52.189,216.8,,,
307,9/27/2022 18:30,74.64,53.728,193.2,,,
308,9/27/2022 18:35,75.029,53.57,169.5,,,
309,9/27/2022 18:40,75.247,53.053,138,,,
310,9/27/2022 18:45,74.597,52.939,114.3,,,
311,9/27/2022 18:50,74.467,54.152,90.7,,,
312,9/27/2022 18:55,74.856,53.933,67,,,
313,9/27/2022 19:00,75.16,53.549,43.4,,,
314,9/27/2022 19:05,74.554,53.093,27.6,,,
315,9/27/2022 19:10,74.295,54.483,19.7,,,
316,9/27/2022 19:15,74.597,54.288,11.8,,,
317,9/27/2022 19:20,74.899,53.999,11.8,,,
318,9/27/2022 19:25,74.554,53.344,11.8,,,
319,9/27/2022 19:30,74.077,54.716,11.8,,,
320,9/27/2022 19:35,74.338,54.643,11.8,,,
321,9/27/2022 19:40,74.597,54.351,11.8,,,
322,9/27/2022 19:45,74.813,54.18,11.8,,,
323,9/27/2022 19:50,74.467,53.432,11.8,,,
324,9/27/2022 19:55,73.947,54.861,11.8,,,
325,9/27/2022 20:00,74.163,54.754,11.8,,,
326,9/27/2022 20:05,74.424,54.587,11.8,,,
327,9/27/2022 20:10,74.597,54.413,11.8,,,
328,9/27/2022 20:15,74.727,54.298,11.8,,,
329,9/27/2022 20:20,74.554,53.627,11.8,,,
330,9/27/2022 20:25,73.774,54.91,11.8,,,
331,9/27/2022 20:30,73.904,54.983,11.8,,,
332,9/27/2022 20:35,74.077,54.778,11.8,,,
333,9/27/2022 20:40,74.25,54.636,11.8,,,
334,9/27/2022 20:45,74.424,54.524,11.8,,,
335,9/27/2022 20:50,74.511,54.375,11.8,,,
336,9/27/2022 20:55,74.424,53.836,11.8,,,
337,9/27/2022 21:00,73.558,54.955,11.8,,,
338,9/27/2022 21:05,73.558,55.142,11.8,,,
339,9/27/2022 21:10,73.731,55.031,11.8,,,
340,9/27/2022 21:15,73.904,54.858,11.8,,,
341,9/27/2022 21:20,74.034,54.743,11.8,,,
342,9/27/2022 21:25,74.12,54.625,11.8,,,
343,9/27/2022 21:30,74.206,54.57,11.8,,,
344,9/27/2022 21:35,74.25,54.167,11.8,,,
345,9/27/2022 21:40,73.342,54.688,11.8,,,
346,9/27/2022 21:45,73.126,55.356,11.8,,,
347,9/27/2022 21:50,73.299,55.214,11.8,,,
348,9/27/2022 21:55,73.472,55.01,11.8,,,
349,9/27/2022 22:00,73.558,54.861,11.8,,,
350,9/27/2022 22:05,73.645,54.775,11.8,,,
351,9/27/2022 22:10,73.731,54.625,11.8,,,
352,9/27/2022 22:15,73.774,54.535,11.8,,,
353,9/27/2022 22:20,73.818,54.476,11.8,,,
354,9/27/2022 22:25,73.861,54.386,11.8,,,
355,9/27/2022 22:30,73.904,54.421,11.8,,,
356,9/27/2022 22:35,73.947,54.33,11.8,,,
357,9/27/2022 22:40,73.818,53.851,11.8,,,
358,9/27/2022 22:45,72.826,55.238,11.8,,,
359,9/27/2022 22:50,72.783,55.39,11.8,,,
360,9/27/2022 22:55,72.955,55.217,11.8,,,
361,9/27/2022 23:00,73.083,55.041,11.8,,,
362,9/27/2022 23:05,73.17,54.768,11.8,,,
363,9/27/2022 23:10,73.213,54.615,11.8,,,
364,9/27/2022 23:15,73.299,54.466,11.8,,,
365,9/27/2022 23:20,73.342,54.501,11.8,,,
366,9/27/2022 23:25,73.386,54.535,11.8,,,
367,9/27/2022 23:30,73.429,54.476,11.8,,,
368,9/27/2022 23:35,73.472,54.511,11.8,,,
369,9/27/2022 23:40,73.472,54.511,11.8,,,
370,9/27/2022 23:45,73.515,54.515,11.8,,,
371,9/27/2022 23:50,73.515,54.483,11.8,,,
372,9/27/2022 23:55,73.515,54.483,11.8,,,
373,9/28/2022 0:00,73.515,54.421,11.8,,,
374,9/28/2022 0:05,73.558,54.456,11.8,,,
375,9/28/2022 0:10,73.515,54.421,11.8,,,
376,9/28/2022 0:15,73.558,54.393,11.8,,,
377,9/28/2022 0:20,73.515,54.39,11.8,,,
378,9/28/2022 0:25,73.558,54.362,11.8,,,
379,9/28/2022 0:30,73.515,54.233,11.8,,,
380,9/28/2022 0:35,72.696,53.919,11.8,,,
381,9/28/2022 0:40,72.221,55.345,11.8,,,
382,9/28/2022 0:45,72.351,55.231,11.8,,,
383,9/28/2022 0:50,72.437,54.989,11.8,,,
384,9/28/2022 0:55,72.523,54.685,11.8,,,
385,9/28/2022 1:00,72.567,54.595,11.8,,,
386,9/28/2022 1:05,72.61,54.567,11.8,,,
387,9/28/2022 1:10,72.653,54.539,11.8,,,
388,9/28/2022 1:15,72.653,54.477,11.8,,,
389,9/28/2022 1:20,72.653,54.477,11.8,,,
390,9/28/2022 1:25,72.653,54.446,11.8,,,
391,9/28/2022 1:30,72.653,54.446,11.8,,,
392,9/28/2022 1:35,72.653,54.477,11.8,,,
393,9/28/2022 1:40,72.653,54.383,11.8,,,
394,9/28/2022 1:45,72.61,54.38,11.8,,,
395,9/28/2022 1:50,72.61,54.38,11.8,,,
396,9/28/2022 1:55,72.567,54.345,11.8,,,
397,9/28/2022 2:00,72.567,54.376,11.8,,,
398,9/28/2022 2:05,72.523,54.373,11.8,,,
399,9/28/2022 2:10,72.523,54.373,11.8,,,
400,9/28/2022 2:15,72.48,54.338,11.8,,,
401,9/28/2022 2:20,72.48,54.338,11.8,,,
402,9/28/2022 2:25,72.437,54.304,11.8,,,
403,9/28/2022 2:30,72.394,54.332,11.8,,,
404,9/28/2022 2:35,72.394,54.332,11.8,,,
405,9/28/2022 2:40,72.351,54.359,11.8,,,
406,9/28/2022 2:45,72.307,54.356,11.8,,,
407,9/28/2022 2:50,72.307,54.325,11.8,,,
408,9/28/2022 2:55,72.221,54.287,11.8,,,
409,9/28/2022 3:00,72.221,54.318,11.8,,,
410,9/28/2022 3:05,72.178,54.314,11.8,,,
411,9/28/2022 3:10,72.136,54.342,11.8,,,
412,9/28/2022 3:15,72.093,54.308,11.8,,,
413,9/28/2022 3:20,72.05,54.304,11.8,,,
414,9/28/2022 3:25,72.05,54.304,11.8,,,
415,9/28/2022 3:30,71.964,54.297,11.8,,,
416,9/28/2022 3:35,71.964,54.266,11.8,,,
417,9/28/2022 3:40,71.92,54.263,11.8,,,
418,9/28/2022 3:45,71.834,54.287,11.8,,,
419,9/28/2022 3:50,71.834,54.287,11.8,,,
420,9/28/2022 3:55,71.791,54.252,11.8,,,
421,9/28/2022 4:00,71.748,54.249,11.8,,,
422,9/28/2022 4:05,71.704,54.277,11.8,,,
423,9/28/2022 4:10,71.62,54.301,11.8,,,
424,9/28/2022 4:15,71.62,54.301,11.8,,,
425,9/28/2022 4:20,71.533,54.294,11.8,,,
426,9/28/2022 4:25,71.533,54.325,11.8,,,
427,9/28/2022 4:30,71.49,54.353,11.8,,,
428,9/28/2022 4:35,71.404,54.346,11.8,,,
429,9/28/2022 4:40,71.361,54.312,11.8,,,
430,9/28/2022 4:45,71.317,54.339,11.8,,,
431,9/28/2022 4:50,71.274,54.367,11.8,,,
432,9/28/2022 4:55,71.231,54.332,11.8,,,
433,9/28/2022 5:00,71.19,54.329,11.8,,,
434,9/28/2022 5:05,71.146,54.357,11.8,,,
435,9/28/2022 5:10,71.103,54.353,11.8,,,
436,9/28/2022 5:15,71.06,54.381,11.8,,,
437,9/28/2022 5:20,71.017,54.315,11.8,,,
438,9/28/2022 5:25,70.974,54.312,11.8,,,
439,9/28/2022 5:30,70.93,54.339,11.8,,,
440,9/28/2022 5:35,70.887,54.305,11.8,,,
441,9/28/2022 5:40,70.846,54.333,11.8,,,
442,9/28/2022 5:45,70.803,54.36,11.8,,,
443,9/28/2022 5:50,70.759,54.388,11.8,,,
444,9/28/2022 5:55,70.716,54.416,11.8,,,
445,9/28/2022 6:00,70.673,54.381,11.8,,,
446,9/28/2022 6:05,70.63,54.409,11.8,,,
447,9/28/2022 6:10,70.587,54.405,11.8,,,
448,9/28/2022 6:15,70.543,54.433,11.8,,,
449,9/28/2022 6:20,70.502,54.398,11.8,,,
450,9/28/2022 6:25,70.459,54.457,11.8,,,
451,9/28/2022 6:30,70.416,54.423,11.8,,,
452,9/28/2022 6:35,70.372,54.45,11.8,,,
453,9/28/2022 6:40,70.329,54.447,11.8,,,
454,9/28/2022 6:45,70.286,54.443,11.8,,,
455,9/28/2022 6:50,70.243,54.409,11.8,,,
456,9/28/2022 6:55,70.158,54.402,11.8,,,
457,9/28/2022 7:00,70.115,54.43,11.8,,,
458,9/28/2022 7:05,70.072,54.426,11.8,,,
459,9/28/2022 7:10,70.029,54.392,11.8,,,
460,9/28/2022 7:15,69.985,54.419,11.8,,,
461,9/28/2022 7:20,69.942,54.478,11.8,,,
462,9/28/2022 7:25,69.942,54.478,19.7,,,
463,9/28/2022 7:30,69.901,54.443,27.6,,,
464,9/28/2022 7:35,69.858,54.502,43.4,,,
465,9/28/2022 7:40,69.814,54.468,59.1,,,
466,9/28/2022 7:45,69.771,54.464,74.9,,,
467,9/28/2022 7:50,69.728,54.523,98.5,,,
468,9/28/2022 7:55,69.728,54.461,114.3,,,
469,9/28/2022 8:00,69.685,54.457,138,,,
470,9/28/2022 8:05,69.643,54.485,161.6,,,
471,9/28/2022 8:10,69.643,54.485,185.3,,,
472,9/28/2022 8:15,69.643,54.454,208.9,,,
473,9/28/2022 8:20,69.6,54.45,224.7,,,
474,9/28/2022 8:25,69.6,54.419,248.3,,,
475,9/28/2022 8:30,69.6,54.388,272,,,
476,9/28/2022 8:35,69.6,54.388,287.8,,,
477,9/28/2022 8:40,69.6,54.388,311.4,,,
478,9/28/2022 8:45,69.643,54.361,327.2,,,
479,9/28/2022 8:50,69.643,54.33,342.9,,,
480,9/28/2022 8:55,69.685,54.333,358.7,,,
481,9/28/2022 9:00,69.685,54.302,374.5,,,
482,9/28/2022 9:05,69.728,54.274,398.1,,,
483,9/28/2022 9:10,69.771,54.185,413.9,,,
484,9/28/2022 9:15,69.814,54.157,429.7,,,
485,9/28/2022 9:20,69.858,54.098,445.4,,,
486,9/28/2022 9:25,69.901,54.071,461.2,,,
487,9/28/2022 9:30,69.942,54.043,477,,,
488,9/28/2022 9:35,70.029,53.988,492.7,,,
489,9/28/2022 9:40,70.115,53.964,508.5,,,
490,9/28/2022 9:45,70.201,53.939,532.2,,,
491,9/28/2022 9:50,70.243,53.974,540,,,
492,9/28/2022 9:55,70.329,53.949,563.7,,,
493,9/28/2022 10:00,70.459,53.897,579.5,,,
494,9/28/2022 10:05,70.543,53.78,595.2,,,
495,9/28/2022 10:10,70.673,53.728,611,,,
496,9/28/2022 10:15,70.759,53.672,626.8,,,
497,9/28/2022 10:20,70.887,53.589,642.5,,,
498,9/28/2022 10:25,70.974,53.502,650.4,,,
499,9/28/2022 10:30,71.103,53.45,666.2,,,
500,9/28/2022 10:35,71.231,53.366,681.9,,,
501,9/28/2022 10:40,71.361,53.314,697.7,,,
502,9/28/2022 10:45,71.533,53.234,713.5,,,
503,9/28/2022 10:50,71.661,53.213,729.2,,,
504,9/28/2022 10:55,71.791,53.16,745,,,
505,9/28/2022 11:00,71.964,53.111,760.8,,,
506,9/28/2022 11:05,72.093,53.058,776.6,,,
507,9/28/2022 11:10,72.264,53.041,784.4,,,
508,9/28/2022 11:15,72.394,52.988,792.3,,,
509,9/28/2022 11:20,72.567,52.97,808.1,,,
510,9/28/2022 11:25,72.696,52.949,816,,,
511,9/28/2022 11:30,72.869,52.9,823.9,,,
512,9/28/2022 11:35,72.997,52.847,831.7,,,
513,9/28/2022 11:40,73.17,52.829,839.6,,,
514,9/28/2022 11:45,73.342,52.779,847.5,,,
515,9/28/2022 11:50,73.472,52.727,855.4,,,
516,9/28/2022 11:55,73.645,52.709,863.3,,,
517,9/28/2022 12:00,73.818,52.691,871.2,,,
518,9/28/2022 12:05,73.99,52.641,879,,,
519,9/28/2022 12:10,74.12,52.62,886.9,,,
520,9/28/2022 12:15,74.295,52.57,886.9,,,
521,9/28/2022 12:20,74.467,52.552,894.8,,,
522,9/28/2022 12:25,74.64,52.502,902.7,,,
523,9/28/2022 12:30,74.813,52.484,910.6,,,
524,9/28/2022 12:35,74.986,52.466,910.6,,,
525,9/28/2022 12:40,75.16,52.448,918.5,,,
526,9/28/2022 12:45,75.29,52.489,918.5,,,
527,9/28/2022 12:50,75.463,52.471,926.3,,,
528,9/28/2022 12:55,75.637,52.453,926.3,,,
529,9/28/2022 13:00,75.767,52.431,926.3,,,
530,9/28/2022 13:05,75.942,52.413,934.2,,,
531,9/28/2022 13:10,76.114,52.426,934.2,,,
532,9/28/2022 13:15,76.289,52.408,934.2,,,
533,9/28/2022 13:20,76.419,52.418,934.2,,,
534,9/28/2022 13:25,76.593,52.431,934.2,,,
535,9/28/2022 13:30,76.725,52.41,942.1,,,
536,9/28/2022 13:35,76.899,52.391,934.2,,,
537,9/28/2022 13:40,77.072,52.436,934.2,,,
538,9/28/2022 13:45,77.247,52.386,942.1,,,
539,9/28/2022 13:50,77.378,52.365,934.2,,,
540,9/28/2022 13:55,77.553,52.346,934.2,,,
541,9/28/2022 14:00,77.684,52.325,942.1,,,
542,9/28/2022 14:05,77.859,52.275,934.2,,,
543,9/28/2022 14:10,78.033,52.32,942.1,,,
544,9/28/2022 14:15,78.165,52.203,942.1,,,
545,9/28/2022 14:20,78.296,52.118,934.2,,,
546,9/28/2022 14:25,78.471,52.068,934.2,,,
547,9/28/2022 14:30,78.602,52.078,926.3,,,
548,9/28/2022 14:35,78.733,51.992,926.3,,,
549,9/28/2022 14:40,78.865,51.971,918.5,,,
550,9/28/2022 14:45,79.041,51.984,918.5,,,
551,9/28/2022 14:50,79.173,51.93,918.5,,,
552,9/28/2022 14:55,79.304,51.877,902.7,,,
553,9/28/2022 15:00,79.48,51.794,902.7,,,
554,9/28/2022 15:05,79.612,51.773,894.8,,,
555,9/28/2022 15:10,79.788,51.754,886.9,,,
556,9/28/2022 15:15,79.92,51.637,886.9,,,
557,9/28/2022 15:20,80.051,51.487,879,,,
558,9/28/2022 15:25,80.184,51.465,871.2,,,
559,9/28/2022 15:30,80.361,51.415,863.3,,,
560,9/28/2022 15:35,80.492,51.361,855.4,,,
561,9/28/2022 15:40,80.625,51.339,847.5,,,
562,9/28/2022 15:45,80.757,51.285,831.7,,,
563,9/28/2022 15:50,80.89,51.263,823.9,,,
564,9/28/2022 15:55,81.023,51.241,808.1,,,
565,9/28/2022 16:00,81.154,51.155,800.2,,,
566,9/28/2022 16:05,80.58,50.345,784.4,,,
567,9/28/2022 16:10,79.7,51.429,768.7,,,
568,9/28/2022 16:15,79.876,51.601,752.9,,,
569,9/28/2022 16:20,80.184,51.561,737.1,,,
570,9/28/2022 16:25,80.449,51.453,721.4,,,
571,9/28/2022 16:30,80.668,51.087,705.6,,,
572,9/28/2022 16:35,80.008,50.654,689.8,,,
573,9/28/2022 16:40,79.524,51.989,674.1,,,
574,9/28/2022 16:45,79.831,51.916,658.3,,,
575,9/28/2022 16:50,80.139,51.78,642.5,,,
576,9/28/2022 16:55,80.404,51.641,618.9,,,
577,9/28/2022 17:00,80.051,50.881,611,,,
578,9/28/2022 17:05,79.304,52.194,587.3,,,
579,9/28/2022 17:10,79.524,52.243,563.7,,,
580,9/28/2022 17:15,79.831,52.075,547.9,,,
581,9/28/2022 17:20,80.139,51.94,524.3,,,
582,9/28/2022 17:25,80.008,51.325,500.6,,,
583,9/28/2022 17:30,79.084,52.273,477,,,
584,9/28/2022 17:35,79.173,52.628,453.3,,,
585,9/28/2022 17:40,79.48,52.43,429.7,,,
586,9/28/2022 17:45,79.788,52.263,406,,,
587,9/28/2022 17:50,79.831,51.725,382.4,,,
588,9/28/2022 17:55,78.822,51.363,350.8,,,
589,9/28/2022 18:00,77.815,51.256,327.2,,,
590,9/28/2022 18:05,77.029,51.198,295.6,,,
591,9/28/2022 18:10,76.289,50.889,272,,,
592,9/28/2022 18:15,75.594,51.059,248.3,,,
593,9/28/2022 18:20,74.943,51.105,224.7,,,
594,9/28/2022 18:25,74.64,52.817,201,,,
595,9/28/2022 18:30,75.16,52.7,169.5,,,
596,9/28/2022 18:35,75.16,52.101,145.8,,,
597,9/28/2022 18:40,74.511,52.303,122.2,,,
598,9/28/2022 18:45,74.597,53.41,98.5,,,
599,9/28/2022 18:50,75.074,53.102,74.9,,,
600,9/28/2022 18:55,74.899,52.491,51.2,,,
601,9/28/2022 19:00,74.338,53.829,35.5,,,
602,9/28/2022 19:05,74.683,53.7,19.7,,,
603,9/28/2022 19:10,75.074,53.416,11.8,,,
604,9/28/2022 19:15,74.683,52.726,11.8,,,
605,9/28/2022 19:20,74.034,54.056,11.8,,,
606,9/28/2022 19:25,74.381,54.02,11.8,,,
607,9/28/2022 19:30,74.727,53.734,11.8,,,
608,9/28/2022 19:35,74.597,52.971,11.8,,,
609,9/28/2022 19:40,74.034,54.431,11.8,,,
610,9/28/2022 19:45,74.338,54.205,11.8,,,
611,9/28/2022 19:50,74.597,54.006,11.8,,,
612,9/28/2022 19:55,74.856,53.619,11.8,,,
613,9/28/2022 20:00,74.12,53.969,11.8,,,
614,9/28/2022 20:05,74.034,54.618,11.8,,,
615,9/28/2022 20:10,74.295,54.389,11.8,,,
616,9/28/2022 20:15,74.554,54.191,11.8,,,
617,9/28/2022 20:20,74.727,53.797,11.8,,,
618,9/28/2022 20:25,73.947,54.299,11.8,,,
619,9/28/2022 20:30,73.774,54.816,11.8,,,
620,9/28/2022 20:35,74.034,54.65,11.8,,,
621,9/28/2022 20:40,74.25,54.448,11.8,,,
622,9/28/2022 20:45,74.424,54.149,11.8,,,
623,9/28/2022 20:50,74.295,53.575,11.8,,,
624,9/28/2022 20:55,73.515,54.92,11.8,,,
625,9/28/2022 21:00,73.645,54.93,11.8,,,
626,9/28/2022 21:05,73.861,54.698,11.8,,,
627,9/28/2022 21:10,74.034,54.493,11.8,,,
628,9/28/2022 21:15,74.163,54.379,11.8,,,
629,9/28/2022 21:20,73.99,53.614,11.8,,,
630,9/28/2022 21:25,73.126,55.169,11.8,,,
631,9/28/2022 21:30,73.256,55.148,11.8,,,
632,9/28/2022 21:35,73.429,54.944,11.8,,,
633,9/28/2022 21:40,73.602,54.709,11.8,,,
634,9/28/2022 21:45,73.731,54.532,11.8,,,
635,9/28/2022 21:50,73.861,54.417,11.8,,,
636,9/28/2022 21:55,73.947,54.236,11.8,,,
637,9/28/2022 22:00,74.034,54.181,11.8,,,
638,9/28/2022 22:05,74.077,54.028,11.8,,,
639,9/28/2022 22:10,73.386,53.504,11.8,,,
640,9/28/2022 22:15,72.955,55.093,11.8,,,
641,9/28/2022 22:20,73.083,55.01,11.8,,,
642,9/28/2022 22:25,73.213,54.74,11.8,,,
643,9/28/2022 22:30,73.342,54.563,11.8,,,
644,9/28/2022 22:35,73.429,54.383,11.8,,,
645,9/28/2022 22:40,73.515,54.233,11.8,,,
646,9/28/2022 22:45,73.602,54.147,11.8,,,
647,9/28/2022 22:50,73.645,54.025,11.8,,,
648,9/28/2022 22:55,73.645,54.025,11.8,,,
649,9/28/2022 23:00,73.688,53.966,11.8,,,
650,9/28/2022 23:05,73.731,53.969,11.8,,,
651,9/28/2022 23:10,73.774,53.941,11.8,,,
652,9/28/2022 23:15,73.774,53.973,11.8,,,
653,9/28/2022 23:20,73.774,54.035,11.8,,,
654,9/28/2022 23:25,73.818,54.07,11.8,,,
655,9/28/2022 23:30,73.774,54.098,11.8,,,
656,9/28/2022 23:35,73.774,54.098,11.8,,,
657,9/28/2022 23:40,73.774,54.098,11.8,,,
658,9/28/2022 23:45,73.818,54.039,11.8,,,
659,9/28/2022 23:50,73.818,54.039,11.8,,,
660,9/28/2022 23:55,73.774,54.035,11.8,,,
661,9/29/2022 0:00,73.818,53.976,11.8,,,
662,9/29/2022 0:05,73.429,53.288,11.8,,,
663,9/29/2022 0:10,72.48,54.93,11.8,,,
664,9/29/2022 0:15,72.523,54.996,11.8,,,
665,9/29/2022 0:20,72.61,54.816,11.8,,,
666,9/29/2022 0:25,72.696,54.449,11.8,,,
667,9/29/2022 0:30,72.783,54.394,11.8,,,
668,9/29/2022 0:35,72.826,54.335,11.8,,,
669,9/29/2022 0:40,72.826,54.272,11.8,,,
670,9/29/2022 0:45,72.869,54.213,11.8,,,
671,9/29/2022 0:50,72.869,54.182,11.8,,,
672,9/29/2022 0:55,72.869,54.151,11.8,,,
673,9/29/2022 1:00,72.869,54.12,11.8,,,
674,9/29/2022 1:05,72.869,54.088,11.8,,,
675,9/29/2022 1:10,72.869,54.088,11.8,,,
676,9/29/2022 1:15,72.869,54.088,11.8,,,
677,9/29/2022 1:20,72.869,54.088,11.8,,,
678,9/29/2022 1:25,72.826,54.023,11.8,,,
679,9/29/2022 1:30,72.826,54.054,11.8,,,
680,9/29/2022 1:35,72.826,54.023,11.8,,,
681,9/29/2022 1:40,72.826,54.023,11.8,,,
682,9/29/2022 1:45,72.783,54.019,11.8,,,
683,9/29/2022 1:50,72.783,53.988,11.8,,,
684,9/29/2022 1:55,72.783,53.957,11.8,,,
685,9/29/2022 2:00,72.739,53.953,11.8,,,
686,9/29/2022 2:05,72.739,53.984,11.8,,,
687,9/29/2022 2:10,72.739,53.953,11.8,,,
688,9/29/2022 2:15,72.696,53.95,11.8,,,
689,9/29/2022 2:20,72.696,53.919,11.8,,,
690,9/29/2022 2:25,72.653,53.853,11.8,,,
691,9/29/2022 2:30,72.653,53.915,11.8,,,
692,9/29/2022 2:35,72.653,53.884,11.8,,,
693,9/29/2022 2:40,72.61,53.912,11.8,,,
694,9/29/2022 2:45,72.61,53.849,11.8,,,
695,9/29/2022 2:50,72.567,53.908,11.8,,,
696,9/29/2022 2:55,72.523,53.843,11.8,,,
697,9/29/2022 3:00,72.523,53.843,11.8,,,
698,9/29/2022 3:05,72.48,53.839,11.8,,,
699,9/29/2022 3:10,72.48,53.87,11.8,,,
700,9/29/2022 3:15,72.437,53.867,11.8,,,
701,9/29/2022 3:20,72.437,53.804,11.8,,,
702,9/29/2022 3:25,72.394,53.832,11.8,,,
703,9/29/2022 3:30,72.394,53.801,11.8,,,
704,9/29/2022 3:35,72.351,53.798,11.8,,,
705,9/29/2022 3:40,72.351,53.829,11.8,,,
706,9/29/2022 3:45,72.307,53.763,11.8,,,
707,9/29/2022 3:50,72.307,53.763,11.8,,,
708,9/29/2022 3:55,72.307,53.794,11.8,,,
709,9/29/2022 4:00,72.264,53.791,11.8,,,
710,9/29/2022 4:05,72.221,53.788,11.8,,,
711,9/29/2022 4:10,72.221,53.756,11.8,,,
712,9/29/2022 4:15,72.178,53.784,11.8,,,
713,9/29/2022 4:20,72.136,53.718,11.8,,,
714,9/29/2022 4:25,72.136,53.687,11.8,,,
715,9/29/2022 4:30,72.093,53.746,11.8,,,
716,9/29/2022 4:35,72.093,53.746,11.8,,,
717,9/29/2022 4:40,72.05,53.711,11.8,,,
718,9/29/2022 4:45,72.007,53.708,11.8,,,
719,9/29/2022 4:50,72.007,53.739,11.8,,,
720,9/29/2022 4:55,71.964,53.705,11.8,,,
721,9/29/2022 5:00,71.964,53.767,11.8,,,
722,9/29/2022 5:05,71.92,53.733,11.8,,,
723,9/29/2022 5:10,71.877,53.729,11.8,,,
724,9/29/2022 5:15,71.834,53.726,11.8,,,
725,9/29/2022 5:20,71.834,53.695,11.8,,,
726,9/29/2022 5:25,71.791,53.754,11.8,,,
727,9/29/2022 5:30,71.748,53.719,11.8,,,
728,9/29/2022 5:35,71.748,53.719,11.8,,,
729,9/29/2022 5:40,71.704,53.747,11.8,,,
730,9/29/2022 5:45,71.661,53.743,11.8,,,
731,9/29/2022 5:50,71.661,53.743,11.8,,,
732,9/29/2022 5:55,71.62,53.74,11.8,,,
733,9/29/2022 6:00,71.62,53.74,11.8,,,
734,9/29/2022 6:05,71.577,53.768,11.8,,,
735,9/29/2022 6:10,71.533,53.733,11.8,,,
736,9/29/2022 6:15,71.533,53.764,11.8,,,
737,9/29/2022 6:20,71.49,53.761,11.8,,,
738,9/29/2022 6:25,71.447,53.758,11.8,,,
739,9/29/2022 6:30,71.404,53.785,11.8,,,
740,9/29/2022 6:35,71.404,53.785,11.8,,,
741,9/29/2022 6:40,71.361,53.782,11.8,,,
742,9/29/2022 6:45,71.317,53.747,11.8,,,
743,9/29/2022 6:50,71.274,53.775,11.8,,,
744,9/29/2022 6:55,71.231,53.772,11.8,,,
745,9/29/2022 7:00,71.231,53.772,11.8,,,
746,9/29/2022 7:05,71.19,53.737,11.8,,,
747,9/29/2022 7:10,71.146,53.765,11.8,,,
748,9/29/2022 7:15,71.146,53.765,11.8,,,
749,9/29/2022 7:20,71.103,53.824,11.8,,,
750,9/29/2022 7:25,71.06,53.789,11.8,,,
751,9/29/2022 7:30,71.017,53.817,19.7,,,
752,9/29/2022 7:35,71.017,53.786,35.5,,,
753,9/29/2022 7:40,70.974,53.814,51.2,,,
754,9/29/2022 7:45,70.93,53.841,67,,,
755,9/29/2022 7:50,70.93,53.841,90.7,,,
756,9/29/2022 7:55,70.93,53.81,106.4,,,
757,9/29/2022 8:00,70.887,53.838,130.1,,,
758,9/29/2022 8:05,70.846,53.835,153.7,,,
759,9/29/2022 8:10,70.846,53.772,169.5,,,
760,9/29/2022 8:15,70.846,53.804,193.2,,,
761,9/29/2022 8:20,70.846,53.804,208.9,,,
762,9/29/2022 8:25,70.803,53.738,232.6,,,
763,9/29/2022 8:30,70.846,53.772,248.3,,,
764,9/29/2022 8:35,70.846,53.772,272,,,
765,9/29/2022 8:40,70.846,53.741,287.8,,,
766,9/29/2022 8:45,70.846,53.741,311.4,,,
767,9/29/2022 8:50,70.887,53.745,327.2,,,
768,9/29/2022 8:55,70.887,53.682,342.9,,,
769,9/29/2022 9:00,70.93,53.686,366.6,,,
770,9/29/2022 9:05,70.974,53.627,382.4,,,
771,9/29/2022 9:10,70.974,53.564,406,,,
772,9/29/2022 9:15,71.06,53.54,421.8,,,
773,9/29/2022 9:20,71.103,53.512,445.4,,,
774,9/29/2022 9:25,71.146,53.453,461.2,,,
775,9/29/2022 9:30,71.19,53.394,477,,,
776,9/29/2022 9:35,71.231,53.335,500.6,,,
777,9/29/2022 9:40,71.317,53.342,516.4,,,
778,9/29/2022 9:45,71.361,53.314,540,,,
779,9/29/2022 9:50,71.49,53.262,555.8,,,
780,9/29/2022 9:55,71.533,53.234,571.6,,,
781,9/29/2022 10:00,71.62,53.24,587.3,,,
782,9/29/2022 10:05,71.704,53.185,603.1,,,
783,9/29/2022 10:10,71.791,53.098,618.9,,,
784,9/29/2022 10:15,71.877,53.073,634.6,,,
785,9/29/2022 10:20,71.964,52.986,650.4,,,
786,9/29/2022 10:25,72.093,52.965,666.2,,,
787,9/29/2022 10:30,72.178,52.846,681.9,,,
788,9/29/2022 10:35,72.264,52.79,697.7,,,
789,9/29/2022 10:40,72.394,52.737,713.5,,,
790,9/29/2022 10:45,72.48,52.681,729.2,,,
791,9/29/2022 10:50,72.61,52.629,745,,,
792,9/29/2022 10:55,72.696,52.573,760.8,,,
793,9/29/2022 11:00,72.826,52.52,776.6,,,
794,9/29/2022 11:05,72.955,52.467,784.4,,,
795,9/29/2022 11:10,73.083,52.414,800.2,,,
796,9/29/2022 11:15,73.213,52.393,808.1,,,
797,9/29/2022 11:20,73.342,52.371,816,,,
798,9/29/2022 11:25,73.472,52.318,823.9,,,
799,9/29/2022 11:30,73.602,52.265,831.7,,,
800,9/29/2022 11:35,73.731,52.244,839.6,,,
801,9/29/2022 11:40,73.861,52.159,847.5,,,
802,9/29/2022 11:45,73.99,52.138,855.4,,,
803,9/29/2022 11:50,74.12,52.116,863.3,,,
804,9/29/2022 11:55,74.295,52.066,871.2,,,
805,9/29/2022 12:00,74.424,52.013,879,,,
806,9/29/2022 12:05,74.554,51.992,886.9,,,
807,9/29/2022 12:10,74.727,51.942,894.8,,,
808,9/29/2022 12:15,74.856,51.92,902.7,,,
809,9/29/2022 12:20,74.986,51.898,902.7,,,
810,9/29/2022 12:25,75.117,51.877,910.6,,,
811,9/29/2022 12:30,75.29,51.89,918.5,,,
812,9/29/2022 12:35,75.42,51.836,918.5,,,
813,9/29/2022 12:40,75.594,51.818,926.3,,,
814,9/29/2022 12:45,75.724,51.828,926.3,,,
815,9/29/2022 12:50,75.853,51.838,934.2,,,
816,9/29/2022 12:55,76.028,51.788,934.2,,,
817,9/29/2022 13:00,76.158,51.766,934.2,,,
818,9/29/2022 13:05,76.332,51.779,942.1,,,
819,9/29/2022 13:10,76.464,51.726,942.1,,,
820,9/29/2022 13:15,76.636,51.707,942.1,,,
821,9/29/2022 13:20,76.768,51.717,942.1,,,
822,9/29/2022 13:25,76.942,51.698,942.1,,,
823,9/29/2022 13:30,77.072,51.677,942.1,,,
824,9/29/2022 13:35,77.247,51.69,950,,,
825,9/29/2022 13:40,77.378,51.668,942.1,,,
826,9/29/2022 13:45,77.509,51.646,950,,,
827,9/29/2022 13:50,77.684,51.627,942.1,,,
828,9/29/2022 13:55,77.815,51.606,942.1,,,
829,9/29/2022 14:00,77.945,51.615,942.1,,,
830,9/29/2022 14:05,78.076,51.594,942.1,,,
831,9/29/2022 14:10,78.251,51.639,942.1,,,
832,9/29/2022 14:15,78.382,51.617,934.2,,,
833,9/29/2022 14:20,78.514,51.626,934.2,,,
834,9/29/2022 14:25,78.645,51.605,934.2,,,
835,9/29/2022 14:30,78.777,51.519,934.2,,,
836,9/29/2022 14:35,78.91,51.497,926.3,,,
837,9/29/2022 14:40,79.084,51.415,926.3,,,
838,9/29/2022 14:45,79.216,51.329,918.5,,,
839,9/29/2022 14:50,79.347,51.371,910.6,,,
840,9/29/2022 14:55,79.48,51.349,910.6,,,
841,9/29/2022 15:00,79.612,51.263,902.7,,,
842,9/29/2022 15:05,79.743,51.209,894.8,,,
843,9/29/2022 15:10,79.876,51.155,886.9,,,
844,9/29/2022 15:15,80.008,51.165,886.9,,,
845,9/29/2022 15:20,80.139,51.111,879,,,
846,9/29/2022 15:25,80.272,50.993,871.2,,,
847,9/29/2022 15:30,80.404,50.939,855.4,,,
848,9/29/2022 15:35,80.537,50.917,855.4,,,
849,9/29/2022 15:40,80.625,50.892,839.6,,,
850,9/29/2022 15:45,80.757,50.869,831.7,,,
851,9/29/2022 15:50,80.89,50.815,823.9,,,
852,9/29/2022 15:55,80.978,50.502,808.1,,,
853,9/29/2022 16:00,80.184,50.06,792.3,,,
854,9/29/2022 16:05,79.876,51.251,776.6,,,
855,9/29/2022 16:10,80.139,51.175,760.8,,,
856,9/29/2022 16:15,80.404,51.131,752.9,,,
857,9/29/2022 16:20,80.58,51.016,737.1,,,
858,9/29/2022 16:25,80.58,50.409,721.4,,,
859,9/29/2022 16:30,79.7,51.365,705.6,,,
860,9/29/2022 16:35,79.876,51.506,689.8,,,
861,9/29/2022 16:40,80.139,51.366,674.1,,,
862,9/29/2022 16:45,80.404,51.258,658.3,,,
863,9/29/2022 16:50,80.404,50.78,634.6,,,
864,9/29/2022 16:55,79.435,50.804,618.9,,,
865,9/29/2022 17:00,79.173,52.026,603.1,,,
866,9/29/2022 17:05,79.524,51.861,587.3,,,
867,9/29/2022 17:10,79.876,51.665,571.6,,,
868,9/29/2022 17:15,80.139,51.526,547.9,,,
869,9/29/2022 17:20,79.743,50.858,524.3,,,
870,9/29/2022 17:25,78.996,52.266,500.6,,,
871,9/29/2022 17:30,79.304,52.226,477,,,
872,9/29/2022 17:35,79.612,52.027,453.3,,,
873,9/29/2022 17:40,79.92,51.859,429.7,,,
874,9/29/2022 17:45,79.788,51.244,406,,,
875,9/29/2022 17:50,78.733,50.847,374.5,,,
876,9/29/2022 17:55,77.727,50.805,350.8,,,
877,9/29/2022 18:00,76.899,50.616,319.3,,,
878,9/29/2022 18:05,76.114,50.622,295.6,,,
879,9/29/2022 18:10,75.42,50.539,264.1,,,
880,9/29/2022 18:15,74.77,51.408,240.5,,,
881,9/29/2022 18:20,75.029,52.438,216.8,,,
882,9/29/2022 18:25,75.247,51.886,193.2,,,
883,9/29/2022 18:30,74.597,51.458,161.6,,,
884,9/29/2022 18:35,74.467,53.243,138,,,
885,9/29/2022 18:40,74.943,52.872,106.4,,,
886,9/29/2022 18:45,75.029,52.28,82.8,,,
887,9/29/2022 18:50,74.338,53.422,59.1,,,
888,9/29/2022 18:55,74.554,53.564,43.4,,,
889,9/29/2022 19:00,74.943,53.249,27.6,,,
890,9/29/2022 19:05,75.074,52.63,19.7,,,
891,9/29/2022 19:10,74.381,53.832,11.8,,,
892,9/29/2022 19:15,74.554,53.877,11.8,,,
893,9/29/2022 19:20,74.899,53.591,11.8,,,
894,9/29/2022 19:25,75.074,53.071,11.8,,,
895,9/29/2022 19:30,74.381,53.926,11.8,,,
896,9/29/2022 19:35,74.424,54.149,11.8,,,
897,9/29/2022 19:40,74.727,53.891,11.8,,,
898,9/29/2022 19:45,74.943,53.5,11.8,,,
899,9/29/2022 19:50,74.25,53.76,11.8,,,
900,9/29/2022 19:55,74.12,54.438,11.8,,,
901,9/29/2022 20:00,74.424,54.212,11.8,,,
902,9/29/2022 20:05,74.64,53.916,11.8,,,
903,9/29/2022 20:10,74.295,53.167,11.8,,,
904,9/29/2022 20:15,73.688,54.778,11.8,,,
905,9/29/2022 20:20,73.947,54.611,11.8,,,
906,9/29/2022 20:25,74.206,54.288,11.8,,,
907,9/29/2022 20:30,74.424,54.055,11.8,,,
908,9/29/2022 20:35,74.597,53.818,11.8,,,
909,9/29/2022 20:40,73.904,53.45,11.8,,,
910,9/29/2022 20:45,73.602,54.709,11.8,,,
911,9/29/2022 20:50,73.774,54.535,11.8,,,
912,9/29/2022 20:55,73.99,54.302,11.8,,,
913,9/29/2022 21:00,74.206,54.163,11.8,,,
914,9/29/2022 21:05,74.338,53.954,11.8,,,
915,9/29/2022 21:10,74.467,53.902,11.8,,,
916,9/29/2022 21:15,73.947,53.077,11.8,,,
917,9/29/2022 21:20,73.386,54.723,11.8,,,
918,9/29/2022 21:25,73.558,54.643,11.8,,,
919,9/29/2022 21:30,73.731,54.438,11.8,,,
920,9/29/2022 21:35,73.904,54.233,11.8,,,
921,9/29/2022 21:40,74.034,54.118,11.8,,,
922,9/29/2022 21:45,73.645,53.242,11.8,,,
923,9/29/2022 21:50,72.955,54.906,11.8,,,
924,9/29/2022 21:55,73.126,54.858,11.8,,,
925,9/29/2022 22:00,73.299,54.622,11.8,,,
926,9/29/2022 22:05,73.472,54.449,11.8,,,
927,9/29/2022 22:10,73.602,54.24,11.8,,,
928,9/29/2022 22:15,73.688,54.091,11.8,,,
929,9/29/2022 22:20,73.818,54.007,11.8,,,
930,9/29/2022 22:25,73.861,53.948,11.8,,,
931,9/29/2022 22:30,73.947,53.924,11.8,,,
932,9/29/2022 22:35,73.99,53.864,11.8,,,
933,9/29/2022 22:40,74.034,53.743,11.8,,,
934,9/29/2022 22:45,74.077,53.746,11.8,,,
935,9/29/2022 22:50,73.818,53.13,11.8,,,
936,9/29/2022 22:55,72.869,54.556,11.8,,,
937,9/29/2022 23:00,72.955,54.657,11.8,,,
938,9/29/2022 23:05,73.083,54.48,11.8,,,
939,9/29/2022 23:10,73.213,54.303,11.8,,,
940,9/29/2022 23:15,73.342,54.064,11.8,,,
941,9/29/2022 23:20,73.429,53.883,11.8,,,
942,9/29/2022 23:25,73.472,53.792,11.8,,,
943,9/29/2022 23:30,73.515,53.577,11.8,,,
944,9/29/2022 23:35,73.602,53.521,11.8,,,
945,9/29/2022 23:40,73.645,53.524,11.8,,,
946,9/29/2022 23:45,73.645,53.43,11.8,,,
947,9/29/2022 23:50,73.688,53.402,11.8,,,
948,9/29/2022 23:55,73.731,53.406,11.8,,,
949,9/30/2022 0:00,73.731,53.406,11.8,,,
950,9/30/2022 0:05,73.774,53.346,11.8,,,
951,9/30/2022 0:10,73.774,53.44,11.8,,,
952,9/30/2022 0:15,73.774,53.472,11.8,,,
953,9/30/2022 0:20,73.774,53.472,11.8,,,
954,9/30/2022 0:25,73.774,53.472,11.8,,,
955,9/30/2022 0:30,73.774,53.472,11.8,,,
956,9/30/2022 0:35,73.818,53.475,11.8,,,
957,9/30/2022 0:40,73.818,53.444,11.8,,,
958,9/30/2022 0:45,73.774,53.409,11.8,,,
959,9/30/2022 0:50,73.386,52.751,11.8,,,
960,9/30/2022 0:55,72.437,54.304,11.8,,,
961,9/30/2022 1:00,72.523,54.373,11.8,,,
962,9/30/2022 1:05,72.653,54.196,11.8,,,
963,9/30/2022 1:10,72.783,53.8,11.8,,,
964,9/30/2022 1:15,72.869,53.651,11.8,,,
965,9/30/2022 1:20,72.912,53.686,11.8,,,
966,9/30/2022 1:25,72.955,53.658,11.8,,,
967,9/30/2022 1:30,72.997,53.661,11.8,,,
968,9/30/2022 1:35,72.997,53.599,11.8,,,
969,9/30/2022 1:40,73.04,53.571,11.8,,,
970,9/30/2022 1:45,73.04,53.508,11.8,,,
971,9/30/2022 1:50,73.04,53.477,11.8,,,
972,9/30/2022 1:55,73.04,53.445,11.8,,,
973,9/30/2022 2:00,73.04,53.383,11.8,,,
974,9/30/2022 2:05,73.04,53.383,11.8,,,
975,9/30/2022 2:10,73.04,53.352,11.8,,,
976,9/30/2022 2:15,73.04,53.352,11.8,,,
977,9/30/2022 2:20,73.04,53.32,11.8,,,
978,9/30/2022 2:25,73.04,53.226,11.8,,,
979,9/30/2022 2:30,73.04,53.164,11.8,,,
980,9/30/2022 2:35,72.997,53.16,11.8,,,
981,9/30/2022 2:40,72.997,53.129,11.8,,,
982,9/30/2022 2:45,72.997,53.129,11.8,,,
983,9/30/2022 2:50,72.955,53.157,11.8,,,
984,9/30/2022 2:55,72.955,53.094,11.8,,,
985,9/30/2022 3:00,72.912,53.028,11.8,,,
986,9/30/2022 3:05,72.869,53.088,11.8,,,
987,9/30/2022 3:10,72.869,53.025,11.8,,,
988,9/30/2022 3:15,72.826,53.022,11.8,,,
989,9/30/2022 3:20,72.826,52.99,11.8,,,
990,9/30/2022 3:25,72.783,52.987,11.8,,,
991,9/30/2022 3:30,72.739,52.952,11.8,,,
992,9/30/2022 3:35,72.696,52.949,11.8,,,
993,9/30/2022 3:40,72.696,52.98,11.8,,,
994,9/30/2022 3:45,72.653,52.914,11.8,,,
995,9/30/2022 3:50,72.61,52.911,11.8,,,
996,9/30/2022 3:55,72.567,52.907,11.8,,,
997,9/30/2022 4:00,72.523,52.904,11.8,,,
998,9/30/2022 4:05,72.523,52.873,11.8,,,
999,9/30/2022 4:10,72.48,52.869,11.8,,,
1000,9/30/2022 4:15,72.437,52.866,11.8,,,
1001,9/30/2022 4:20,72.394,52.863,11.8,,,
1002,9/30/2022 4:25,72.351,52.859,11.8,,,
1003,9/30/2022 4:30,72.307,52.825,11.8,,,
1004,9/30/2022 4:35,72.264,52.853,11.8,,,
1005,9/30/2022 4:40,72.221,52.787,11.8,,,
1006,9/30/2022 4:45,72.178,52.815,11.8,,,
1007,9/30/2022 4:50,72.136,52.811,11.8,,,
1008,9/30/2022 4:55,72.093,52.808,11.8,,,
1009,9/30/2022 5:00,72.05,52.867,11.8,,,
1010,9/30/2022 5:05,72.007,52.833,11.8,,,
1011,9/30/2022 5:10,71.964,52.861,11.8,,,
1012,9/30/2022 5:15,71.92,52.826,11.8,,,
1013,9/30/2022 5:20,71.877,52.854,11.8,,,
1014,9/30/2022 5:25,71.834,52.851,11.8,,,
1015,9/30/2022 5:30,71.791,52.847,11.8,,,
1016,9/30/2022 5:35,71.748,52.875,11.8,,,
1017,9/30/2022 5:40,71.661,52.869,11.8,,,
1018,9/30/2022 5:45,71.62,52.865,11.8,,,
1019,9/30/2022 5:50,71.577,52.799,11.8,,,
1020,9/30/2022 5:55,71.533,52.827,11.8,,,
1021,9/30/2022 6:00,71.49,52.824,11.8,,,
1022,9/30/2022 6:05,71.404,52.849,11.8,,,
1023,9/30/2022 6:10,71.361,52.814,11.8,,,
1024,9/30/2022 6:15,71.317,52.811,11.8,,,
1025,9/30/2022 6:20,71.274,52.87,11.8,,,
1026,9/30/2022 6:25,71.231,52.866,11.8,,,
1027,9/30/2022 6:30,71.19,52.894,11.8,,,
1028,9/30/2022 6:35,71.146,52.891,11.8,,,
1029,9/30/2022 6:40,71.06,52.853,11.8,,,
1030,9/30/2022 6:45,71.017,52.881,11.8,,,
1031,9/30/2022 6:50,70.974,52.878,11.8,,,
1032,9/30/2022 6:55,70.93,52.874,11.8,,,
1033,9/30/2022 7:00,70.887,52.871,11.8,,,
1034,9/30/2022 7:05,70.846,52.868,11.8,,,
1035,9/30/2022 7:10,70.759,52.861,11.8,,,
1036,9/30/2022 7:15,70.759,52.923,11.8,,,
1037,9/30/2022 7:20,70.673,52.885,11.8,,,
1038,9/30/2022 7:25,70.63,52.913,11.8,,,
1039,9/30/2022 7:30,70.587,52.879,19.7,,,
1040,9/30/2022 7:35,70.543,52.844,35.5,,,
1041,9/30/2022 7:40,70.502,52.841,51.2,,,
1042,9/30/2022 7:45,70.459,52.838,67,,,
1043,9/30/2022 7:50,70.416,52.865,90.7,,,
1044,9/30/2022 7:55,70.372,52.893,106.4,,,
1045,9/30/2022 8:00,70.329,52.828,130.1,,,
1046,9/30/2022 8:05,70.329,52.89,153.7,,,
1047,9/30/2022 8:10,70.286,52.887,169.5,,,
1048,9/30/2022 8:15,70.243,52.852,185.3,,,
1049,9/30/2022 8:20,70.243,52.821,208.9,,,
1050,9/30/2022 8:25,70.201,52.818,224.7,,,
1051,9/30/2022 8:30,70.201,52.849,248.3,,,
1052,9/30/2022 8:35,70.158,52.814,264.1,,,
1053,9/30/2022 8:40,70.158,52.783,287.8,,,
1054,9/30/2022 8:45,70.158,52.783,303.5,,,
1055,9/30/2022 8:50,70.158,52.752,327.2,,,
1056,9/30/2022 8:55,70.158,52.721,342.9,,,
1057,9/30/2022 9:00,70.201,52.693,358.7,,,
1058,9/30/2022 9:05,70.201,52.724,382.4,,,
1059,9/30/2022 9:10,70.243,52.696,398.1,,,
1060,9/30/2022 9:15,70.243,52.665,413.9,,,
1061,9/30/2022 9:20,70.286,52.606,437.5,,,
1062,9/30/2022 9:25,70.329,52.546,453.3,,,
1063,9/30/2022 9:30,70.372,52.518,469.1,,,
1064,9/30/2022 9:35,70.416,52.459,492.7,,,
1065,9/30/2022 9:40,70.459,52.4,508.5,,,
1066,9/30/2022 9:45,70.543,52.375,532.2,,,
1067,9/30/2022 9:50,70.587,52.379,547.9,,,
1068,9/30/2022 9:55,70.673,52.354,563.7,,,
1069,9/30/2022 10:00,70.759,52.329,587.3,,,
1070,9/30/2022 10:05,70.803,52.301,595.2,,,
1071,9/30/2022 10:10,70.887,52.245,611,,,
1072,9/30/2022 10:15,70.974,52.189,626.8,,,
1073,9/30/2022 10:20,71.103,52.137,642.5,,,
1074,9/30/2022 10:25,71.19,52.081,658.3,,,
1075,9/30/2022 10:30,71.274,52.024,674.1,,,
1076,9/30/2022 10:35,71.404,51.94,689.8,,,
1077,9/30/2022 10:40,71.49,51.915,705.6,,,
1078,9/30/2022 10:45,71.62,51.831,721.4,,,
1079,9/30/2022 10:50,71.748,51.747,729.2,,,
1080,9/30/2022 10:55,71.834,51.69,745,,,
1081,9/30/2022 11:00,71.964,51.606,760.8,,,
1082,9/30/2022 11:05,72.093,51.584,768.7,,,
1083,9/30/2022 11:10,72.221,51.531,784.4,,,
1084,9/30/2022 11:15,72.307,51.475,792.3,,,
1085,9/30/2022 11:20,72.48,51.393,800.2,,,
1086,9/30/2022 11:25,72.61,51.403,808.1,,,
1087,9/30/2022 11:30,72.739,51.35,823.9,,,
1088,9/30/2022 11:35,72.869,51.297,831.7,,,
1089,9/30/2022 11:40,72.997,51.243,839.6,,,
1090,9/30/2022 11:45,73.126,51.222,847.5,,,
1091,9/30/2022 11:50,73.256,51.2,855.4,,,
1092,9/30/2022 11:55,73.386,51.115,863.3,,,
1093,9/30/2022 12:00,73.558,51.096,871.2,,,
1094,9/30/2022 12:05,73.688,51.106,382.4,,,
1095,9/30/2022 12:10,73.904,51.217,437.5,,,
1096,9/30/2022 12:15,74.077,51.577,437.5,,,
1097,9/30/2022 12:20,74.163,51.457,445.4,,,
1098,9/30/2022 12:25,74.25,51.464,445.4,,,
1099,9/30/2022 12:30,74.338,51.47,453.3,,,
1100,9/30/2022 12:35,74.424,51.445,453.3,,,
1101,9/30/2022 12:40,74.511,51.452,461.2,,,
1102,9/30/2022 12:45,74.64,51.398,461.2,,,
1103,9/30/2022 12:50,74.727,51.405,461.2,,,
1104,9/30/2022 12:55,74.856,51.383,469.1,,,
1105,9/30/2022 13:00,74.986,51.361,469.1,,,
1106,9/30/2022 13:05,75.117,51.339,469.1,,,
1107,9/30/2022 13:10,75.247,51.318,469.1,,,
1108,9/30/2022 13:15,75.376,51.296,469.1,,,
1109,9/30/2022 13:20,75.508,51.274,469.1,,,
1110,9/30/2022 13:25,75.637,51.284,469.1,,,
1111,9/30/2022 13:30,75.767,51.23,469.1,,,
1112,9/30/2022 13:35,75.898,51.208,469.1,,,
1113,9/30/2022 13:40,76.028,51.186,469.1,,,
1114,9/30/2022 13:45,76.158,51.069,469.1,,,
1115,9/30/2022 13:50,76.289,51.079,469.1,,,
1116,9/30/2022 13:55,76.375,51.054,469.1,,,
1117,9/30/2022 14:00,76.507,51.032,469.1,,,
1118,9/30/2022 14:05,76.636,51.041,469.1,,,
1119,9/30/2022 14:10,76.768,51.051,469.1,,,
1120,9/30/2022 14:15,76.854,51.089,461.2,,,
1121,9/30/2022 14:20,76.986,50.94,461.2,,,
1122,9/30/2022 14:25,77.117,51.077,461.2,,,
1123,9/30/2022 14:30,77.247,50.992,461.2,,,
1124,9/30/2022 14:35,77.378,51.097,461.2,,,
1125,9/30/2022 14:40,77.464,50.976,453.3,,,
1126,9/30/2022 14:45,77.596,50.986,453.3,,,
1127,9/30/2022 14:50,77.684,50.929,453.3,,,
1128,9/30/2022 14:55,77.815,50.716,445.4,,,
1129,9/30/2022 15:00,77.902,50.818,445.4,,,
1130,9/30/2022 15:05,78.033,50.764,437.5,,,
1131,9/30/2022 15:10,78.121,50.738,437.5,,,
1132,9/30/2022 15:15,78.251,50.78,429.7,,,
1133,9/30/2022 15:20,78.339,50.691,429.7,,,
1134,9/30/2022 15:25,78.427,50.57,421.8,,,
1135,9/30/2022 15:30,78.559,50.643,413.9,,,
1136,9/30/2022 15:35,78.645,50.586,406,,,
1137,9/30/2022 15:40,78.777,50.532,398.1,,,
1138,9/30/2022 15:45,78.865,50.57,398.1,,,
1139,9/30/2022 15:50,78.953,50.513,390.2,,,
1140,9/30/2022 15:55,79.084,50.491,382.4,,,
1141,9/30/2022 16:00,79.173,50.433,382.4,,,
1142,9/30/2022 16:05,79.261,50.344,374.5,,,
1143,9/30/2022 16:10,79.392,50.322,366.6,,,
1144,9/30/2022 16:15,79.48,50.264,366.6,,,
1145,9/30/2022 16:20,79.567,50.239,358.7,,,
1146,9/30/2022 16:25,79.7,50.216,350.8,,,
1147,9/30/2022 16:30,79.788,50.127,350.8,,,
1148,9/30/2022 16:35,79.92,50.136,342.9,,,
1149,9/30/2022 16:40,80.008,50.111,335.1,,,
1150,9/30/2022 16:45,80.096,50.085,327.2,,,
1151,9/30/2022 16:50,79.963,49.307,319.3,,,
1152,9/30/2022 16:55,78.822,49.641,311.4,,,
1153,9/30/2022 17:00,78.559,50.516,303.5,,,
1154,9/30/2022 17:05,78.822,50.439,287.8,,,
1155,9/30/2022 17:10,79.084,50.363,279.9,,,
1156,9/30/2022 17:15,79.261,50.28,264.1,,,
1157,9/30/2022 17:20,79.435,50.165,256.2,,,
1158,9/30/2022 17:25,79.612,50.082,240.5,,,
1159,9/30/2022 17:30,79.435,49.397,224.7,,,
1160,9/30/2022 17:35,78.382,50.343,208.9,,,
1161,9/30/2022 17:40,78.339,50.818,193.2,,,
1162,9/30/2022 17:45,78.602,50.71,177.4,,,
1163,9/30/2022 17:50,78.865,50.538,161.6,,,
1164,9/30/2022 17:55,78.69,49.951,145.8,,,
1165,9/30/2022 18:00,77.596,49.648,130.1,,,
1166,9/30/2022 18:05,76.464,49.757,114.3,,,
1167,9/30/2022 18:10,75.594,49.63,98.5,,,
1168,9/30/2022 18:15,74.727,49.758,90.7,,,
1169,9/30/2022 18:20,73.99,51.35,74.9,,,
1170,9/30/2022 18:25,74.381,51.631,67,,,
1171,9/30/2022 18:30,74.899,51.228,59.1,,,
1172,9/30/2022 18:35,74.467,50.69,43.4,,,
1173,9/30/2022 18:40,73.731,52.149,35.5,,,
1174,9/30/2022 18:45,74.12,52.148,27.6,,,
1175,9/30/2022 18:50,74.554,51.771,19.7,,,
1176,9/30/2022 18:55,74.813,51.348,11.8,,,
1177,9/30/2022 19:00,73.99,50.939,11.8,,,
1178,9/30/2022 19:05,73.472,52.475,11.8,,,
1179,9/30/2022 19:10,73.861,52.38,11.8,,,
1180,9/30/2022 19:15,74.25,52.095,11.8,,,
1181,9/30/2022 19:20,74.511,51.799,11.8,,,
1182,9/30/2022 19:25,74.034,51.163,11.8,,,
1183,9/30/2022 19:30,73.558,52.702,11.8,,,
1184,9/30/2022 19:35,73.818,52.533,11.8,,,
1185,9/30/2022 19:40,74.077,52.239,11.8,,,
1186,9/30/2022 19:45,74.338,52.038,11.8,,,
1187,9/30/2022 19:50,74.511,51.925,11.8,,,
1188,9/30/2022 19:55,74.64,51.809,11.8,,,
1189,9/30/2022 20:00,74.295,51.151,11.8,,,
1190,9/30/2022 20:05,73.515,52.699,11.8,,,
1191,9/30/2022 20:10,73.688,52.586,11.8,,,
1192,9/30/2022 20:15,73.861,52.411,11.8,,,
1193,9/30/2022 20:20,74.077,52.239,11.8,,,
1194,9/30/2022 20:25,74.206,52.091,11.8,,,
1195,9/30/2022 20:30,74.295,51.94,11.8,,,
1196,9/30/2022 20:35,74.381,51.915,11.8,,,
1197,9/30/2022 20:40,74.424,51.572,11.8,,,
1198,9/30/2022 20:45,73.386,52.437,11.8,,,
1199,9/30/2022 20:50,73.17,52.923,11.8,,,
1200,9/30/2022 20:55,73.342,52.748,11.8,,,
1201,9/30/2022 21:00,73.515,52.542,11.8,,,
1202,9/30/2022 21:05,73.602,52.328,11.8,,,
1203,9/30/2022 21:10,73.731,52.181,11.8,,,
1204,9/30/2022 21:15,73.774,52.058,11.8,,,
1205,9/30/2022 21:20,73.818,52.03,11.8,,,
1206,9/30/2022 21:25,73.861,52.002,11.8,,,
1207,9/30/2022 21:30,73.904,51.942,11.8,,,
1208,9/30/2022 21:35,73.904,51.974,11.8,,,
1209,9/30/2022 21:40,73.904,51.911,11.8,,,
1210,9/30/2022 21:45,73.947,51.914,11.8,,,
1211,9/30/2022 21:50,73.904,51.879,11.8,,,
1212,9/30/2022 21:55,73.904,51.879,11.8,,,
1213,9/30/2022 22:00,73.904,51.879,11.8,,,
1214,9/30/2022 22:05,73.904,51.848,11.8,,,
1215,9/30/2022 22:10,73.904,51.911,11.8,,,
1216,9/30/2022 22:15,73.861,51.907,11.8,,,
1217,9/30/2022 22:20,73.861,51.876,11.8,,,
1218,9/30/2022 22:25,73.602,51.415,11.8,,,
1219,9/30/2022 22:30,72.48,52.744,11.8,,,
1220,9/30/2022 22:35,72.437,52.929,11.8,,,
1221,9/30/2022 22:40,72.567,52.813,11.8,,,
1222,9/30/2022 22:45,72.653,52.475,11.8,,,
1223,9/30/2022 22:50,72.739,52.356,11.8,,,
1224,9/30/2022 22:55,72.783,52.297,11.8,,,
1225,9/30/2022 23:00,72.783,52.265,11.8,,,
1226,9/30/2022 23:05,72.826,52.237,11.8,,,
1227,9/30/2022 23:10,72.826,52.206,11.8,,,
1228,9/30/2022 23:15,72.826,52.174,11.8,,,
1229,9/30/2022 23:20,72.826,52.08,11.8,,,
1230,9/30/2022 23:25,72.783,52.045,11.8,,,
1231,9/30/2022 23:30,72.783,52.014,11.8,,,
1232,9/30/2022 23:35,72.739,52.042,11.8,,,
1233,9/30/2022 23:40,72.739,51.948,11.8,,,
1234,9/30/2022 23:45,72.696,51.976,11.8,,,
1235,9/30/2022 23:50,72.696,51.945,11.8,,,
1236,9/30/2022 23:55,72.653,51.941,11.8,,,
1237,10/1/2022 0:00,72.61,51.907,11.8,,,
1238,10/1/2022 0:05,72.567,51.903,11.8,,,
1239,10/1/2022 0:10,72.567,51.903,11.8,,,
1240,10/1/2022 0:15,72.523,51.9,11.8,,,
1241,10/1/2022 0:20,72.48,51.865,11.8,,,
1242,10/1/2022 0:25,72.437,51.862,11.8,,,
1243,10/1/2022 0:30,72.394,51.859,11.8,,,
1244,10/1/2022 0:35,72.351,51.887,11.8,,,
1245,10/1/2022 0:40,72.307,51.852,11.8,,,
1246,10/1/2022 0:45,72.264,51.88,11.8,,,
1247,10/1/2022 0:50,72.221,51.846,11.8,,,
1248,10/1/2022 0:55,72.178,51.874,11.8,,,
1249,10/1/2022 1:00,72.136,51.902,11.8,,,
1250,10/1/2022 1:05,72.093,51.836,11.8,,,
1251,10/1/2022 1:10,72.05,51.864,11.8,,,
1252,10/1/2022 1:15,72.007,51.861,11.8,,,
1253,10/1/2022 1:20,71.92,51.885,11.8,,,
1254,10/1/2022 1:25,71.877,51.851,11.8,,,
1255,10/1/2022 1:30,71.834,51.847,11.8,,,
1256,10/1/2022 1:35,71.791,51.876,11.8,,,
1257,10/1/2022 1:40,71.748,51.872,11.8,,,
1258,10/1/2022 1:45,71.704,51.869,11.8,,,
1259,10/1/2022 1:50,71.62,51.737,11.8,,,
1260,10/1/2022 1:55,71.577,51.796,11.8,,,
1261,10/1/2022 2:00,71.533,51.825,11.8,,,
1262,10/1/2022 2:05,71.49,51.79,11.8,,,
1263,10/1/2022 2:10,71.404,51.815,11.8,,,
1264,10/1/2022 2:15,71.361,51.843,11.8,,,
1265,10/1/2022 2:20,71.317,51.808,11.8,,,
1266,10/1/2022 2:25,71.231,51.802,11.8,,,
1267,10/1/2022 2:30,71.19,51.83,11.8,,,
1268,10/1/2022 2:35,71.146,51.826,11.8,,,
1269,10/1/2022 2:40,71.103,51.792,11.8,,,
1270,10/1/2022 2:45,71.017,51.817,11.8,,,
1271,10/1/2022 2:50,70.974,51.813,11.8,,,
1272,10/1/2022 2:55,70.887,51.807,11.8,,,
1273,10/1/2022 3:00,70.846,51.803,11.8,,,
1274,10/1/2022 3:05,70.803,51.863,11.8,,,
1275,10/1/2022 3:10,70.759,51.797,11.8,,,
1276,10/1/2022 3:15,70.673,51.822,11.8,,,
1277,10/1/2022 3:20,70.63,51.85,11.8,,,
1278,10/1/2022 3:25,70.543,51.812,11.8,,,
1279,10/1/2022 3:30,70.502,51.809,11.8,,,
1280,10/1/2022 3:35,70.459,51.837,11.8,,,
1281,10/1/2022 3:40,70.372,51.83,11.8,,,
1282,10/1/2022 3:45,70.329,51.827,11.8,,,
1283,10/1/2022 3:50,70.286,51.855,11.8,,,
1284,10/1/2022 3:55,70.243,51.852,11.8,,,
1285,10/1/2022 4:00,70.158,51.814,11.8,,,
1286,10/1/2022 4:05,70.115,51.81,11.8,,,
1287,10/1/2022 4:10,70.072,51.87,11.8,,,
1288,10/1/2022 4:15,69.985,51.863,11.8,,,
1289,10/1/2022 4:20,69.942,51.86,11.8,,,
1290,10/1/2022 4:25,69.858,51.853,11.8,,,
1291,10/1/2022 4:30,69.814,51.85,11.8,,,
1292,10/1/2022 4:35,69.771,51.878,11.8,,,
1293,10/1/2022 4:40,69.728,51.844,11.8,,,
1294,10/1/2022 4:45,69.643,51.837,11.8,,,
1295,10/1/2022 4:50,69.557,51.893,11.8,,,
1296,10/1/2022 4:55,69.514,51.858,11.8,,,
1297,10/1/2022 5:00,69.471,51.886,11.8,,,
1298,10/1/2022 5:05,69.386,51.88,11.8,,,
1299,10/1/2022 5:10,69.343,51.877,11.8,,,
1300,10/1/2022 5:15,69.3,51.905,11.8,,,
1301,10/1/2022 5:20,69.256,51.933,11.8,,,
1302,10/1/2022 5:25,69.17,51.895,11.8,,,
1303,10/1/2022 5:30,69.129,51.891,11.8,,,
1304,10/1/2022 5:35,69.085,51.888,11.8,,,
1305,10/1/2022 5:40,69.042,51.916,11.8,,,
1306,10/1/2022 5:45,68.999,51.913,11.8,,,
1307,10/1/2022 5:50,68.956,51.91,11.8,,,
1308,10/1/2022 5:55,68.871,51.903,11.8,,,
1309,10/1/2022 6:00,68.828,51.9,11.8,,,
1310,10/1/2022 6:05,68.785,51.928,11.8,,,
1311,10/1/2022 6:10,68.742,51.893,11.8,,,
1312,10/1/2022 6:15,68.698,51.921,11.8,,,
1313,10/1/2022 6:20,68.614,51.915,11.8,,,
1314,10/1/2022 6:25,68.571,51.911,11.8,,,
1315,10/1/2022 6:30,68.527,51.908,11.8,,,
1316,10/1/2022 6:35,68.484,51.905,11.8,,,
1317,10/1/2022 6:40,68.443,51.901,11.8,,,
1318,10/1/2022 6:45,68.4,51.898,11.8,,,
1319,10/1/2022 6:50,68.356,51.926,11.8,,,
1320,10/1/2022 6:55,68.313,51.923,11.8,,,
1321,10/1/2022 7:00,68.227,51.916,11.8,,,
1322,10/1/2022 7:05,68.185,51.913,11.8,,,
1323,10/1/2022 7:10,68.142,51.91,11.8,,,
1324,10/1/2022 7:15,68.099,51.906,11.8,,,
1325,10/1/2022 7:20,68.056,51.934,11.8,,,
1326,10/1/2022 7:25,68.013,51.962,11.8,,,
1327,10/1/2022 7:30,67.971,51.928,11.8,,,
1328,10/1/2022 7:35,67.928,51.924,11.8,,,
1329,10/1/2022 7:40,67.885,51.89,11.8,,,
1330,10/1/2022 7:45,67.798,51.915,11.8,,,
1331,10/1/2022 7:50,67.757,51.88,19.7,,,
1332,10/1/2022 7:55,67.714,51.97,27.6,,,
1333,10/1/2022 8:00,67.671,51.905,35.5,,,
1334,10/1/2022 8:05,67.627,51.901,43.4,,,
1335,10/1/2022 8:10,67.586,51.929,51.2,,,
1336,10/1/2022 8:15,67.586,51.929,59.1,,,
1337,10/1/2022 8:20,67.543,51.926,67,,,
1338,10/1/2022 8:25,67.543,51.895,74.9,,,
1339,10/1/2022 8:30,67.5,51.892,82.8,,,
1340,10/1/2022 8:35,67.456,51.888,90.7,,,
1341,10/1/2022 8:40,67.456,51.857,98.5,,,
1342,10/1/2022 8:45,67.456,51.857,114.3,,,
1343,10/1/2022 8:50,67.456,51.857,122.2,,,
1344,10/1/2022 8:55,67.456,51.826,130.1,,,
1345,10/1/2022 9:00,67.456,51.826,138,,,
1346,10/1/2022 9:05,67.456,51.795,153.7,,,
1347,10/1/2022 9:10,67.5,51.829,161.6,,,
1348,10/1/2022 9:15,67.5,51.798,177.4,,,
1349,10/1/2022 9:20,67.543,51.801,185.3,,,
1350,10/1/2022 9:25,67.586,51.742,201,,,
1351,10/1/2022 9:30,67.586,51.742,208.9,,,
1352,10/1/2022 9:35,67.671,51.686,224.7,,,
1353,10/1/2022 9:40,67.714,51.69,232.6,,,
1354,10/1/2022 9:45,67.757,51.63,240.5,,,
1355,10/1/2022 9:50,67.842,51.606,248.3,,,
1356,10/1/2022 9:55,67.885,51.609,256.2,,,
1357,10/1/2022 10:00,67.971,51.584,272,,,
1358,10/1/2022 10:05,68.056,51.591,279.9,,,
1359,10/1/2022 10:10,68.142,51.597,287.8,,,
1360,10/1/2022 10:15,68.227,51.541,295.6,,,
1361,10/1/2022 10:20,68.356,51.52,303.5,,,
1362,10/1/2022 10:25,68.443,51.433,311.4,,,
1363,10/1/2022 10:30,68.527,51.408,319.3,,,
1364,10/1/2022 10:35,68.657,51.355,327.2,,,
1365,10/1/2022 10:40,68.785,51.334,335.1,,,
1366,10/1/2022 10:45,68.871,51.278,342.9,,,
1367,10/1/2022 10:50,69.042,51.228,350.8,,,
1368,10/1/2022 10:55,69.17,51.175,358.7,,,
1369,10/1/2022 11:00,69.3,51.122,366.6,,,
1370,10/1/2022 11:05,69.427,51.038,366.6,,,
1371,10/1/2022 11:10,69.557,51.016,374.5,,,
1372,10/1/2022 11:15,69.685,50.963,382.4,,,
1373,10/1/2022 11:20,69.858,50.913,390.2,,,
1374,10/1/2022 11:25,69.985,50.891,398.1,,,
1375,10/1/2022 11:30,70.158,50.81,406,,,
1376,10/1/2022 11:35,70.329,50.823,406,,,
1377,10/1/2022 11:40,70.459,50.738,413.9,,,
1378,10/1/2022 11:45,70.63,50.72,421.8,,,
1379,10/1/2022 11:50,70.759,50.729,429.7,,,
1380,10/1/2022 11:55,70.93,50.679,429.7,,,
1381,10/1/2022 12:00,71.06,50.626,429.7,,,
1382,10/1/2022 12:05,71.231,50.576,437.5,,,
1383,10/1/2022 12:10,71.404,50.557,445.4,,,
1384,10/1/2022 12:15,71.577,50.507,445.4,,,
1385,10/1/2022 12:20,71.748,50.488,453.3,,,
1386,10/1/2022 12:25,71.92,50.469,453.3,,,
1387,10/1/2022 12:30,72.093,50.45,461.2,,,
1388,10/1/2022 12:35,72.221,50.428,461.2,,,
1389,10/1/2022 12:40,72.394,50.41,461.2,,,
1390,10/1/2022 12:45,72.567,50.454,461.2,,,
1391,10/1/2022 12:50,72.739,50.404,469.1,,,
1392,10/1/2022 12:55,72.912,50.385,469.1,,,
1393,10/1/2022 13:00,73.04,50.363,469.1,,,
1394,10/1/2022 13:05,73.213,50.375,469.1,,,
1395,10/1/2022 13:10,73.386,50.388,469.1,,,
1396,10/1/2022 13:15,73.515,50.366,469.1,,,
1397,10/1/2022 13:20,73.688,50.347,469.1,,,
1398,10/1/2022 13:25,73.818,50.357,469.1,,,
1399,10/1/2022 13:30,73.99,50.37,469.1,,,
1400,10/1/2022 13:35,74.163,50.382,469.1,,,
1401,10/1/2022 13:40,74.295,50.392,477,,,
1402,10/1/2022 13:45,74.467,50.31,469.1,,,
1403,10/1/2022 13:50,74.597,50.319,469.1,,,
1404,10/1/2022 13:55,74.727,50.329,469.1,,,
1405,10/1/2022 14:00,74.899,50.278,469.1,,,
1406,10/1/2022 14:05,75.029,50.256,469.1,,,
1407,10/1/2022 14:10,75.16,50.297,469.1,,,
1408,10/1/2022 14:15,75.29,50.244,461.2,,,
1409,10/1/2022 14:20,75.463,50.32,469.1,,,
1410,10/1/2022 14:25,75.594,50.393,461.2,,,
1411,10/1/2022 14:30,75.724,50.307,461.2,,,
1412,10/1/2022 14:35,75.853,50.285,461.2,,,
1413,10/1/2022 14:40,75.985,50.295,453.3,,,
1414,10/1/2022 14:45,76.114,50.241,453.3,,,
1415,10/1/2022 14:50,76.246,50.218,453.3,,,
1416,10/1/2022 14:55,76.375,50.069,445.4,,,
1417,10/1/2022 15:00,76.507,50.079,445.4,,,
1418,10/1/2022 15:05,76.636,50.152,437.5,,,
1419,10/1/2022 15:10,76.768,50.034,437.5,,,
1420,10/1/2022 15:15,76.899,50.171,437.5,,,
1421,10/1/2022 15:20,77.072,50.088,429.7,,,
1422,10/1/2022 15:25,77.203,50.002,421.8,,,
1423,10/1/2022 15:30,77.335,49.916,413.9,,,
1424,10/1/2022 15:35,77.421,49.922,413.9,,,
1425,10/1/2022 15:40,77.553,49.9,406,,,
1426,10/1/2022 15:45,77.684,49.91,398.1,,,
1427,10/1/2022 15:50,77.815,49.855,390.2,,,
1428,10/1/2022 15:55,77.945,49.865,382.4,,,
1429,10/1/2022 16:00,78.033,49.807,382.4,,,
1430,10/1/2022 16:05,78.165,49.753,374.5,,,
1431,10/1/2022 16:10,78.296,49.731,366.6,,,
1432,10/1/2022 16:15,78.427,49.676,366.6,,,
1433,10/1/2022 16:20,78.514,49.619,358.7,,,
1434,10/1/2022 16:25,78.645,49.596,358.7,,,
1435,10/1/2022 16:30,78.733,49.539,350.8,,,
1436,10/1/2022 16:35,78.822,49.545,350.8,,,
1437,10/1/2022 16:40,78.953,49.49,342.9,,,
1438,10/1/2022 16:45,79.041,49.497,335.1,,,
1439,10/1/2022 16:50,79.128,49.439,327.2,,,
1440,10/1/2022 16:55,79.216,49.381,319.3,,,
1441,10/1/2022 17:00,79.304,49.388,303.5,,,
1442,10/1/2022 17:05,79.392,49.394,295.6,,,
1443,10/1/2022 17:10,79.48,49.368,279.9,,,
1444,10/1/2022 17:15,79.567,49.342,272,,,
1445,10/1/2022 17:20,79.655,49.349,256.2,,,
1446,10/1/2022 17:25,79.743,49.355,240.5,,,
1447,10/1/2022 17:30,79.831,49.329,224.7,,,
1448,10/1/2022 17:35,79.788,48.813,208.9,,,
1449,10/1/2022 17:40,78.69,48.671,193.2,,,
1450,10/1/2022 17:45,77.464,48.68,177.4,,,
1451,10/1/2022 17:50,76.375,48.794,161.6,,,
1452,10/1/2022 17:55,75.508,48.955,145.8,,,
1453,10/1/2022 18:00,74.64,48.988,130.1,,,
1454,10/1/2022 18:05,74.467,50.785,122.2,,,
1455,10/1/2022 18:10,74.986,50.538,106.4,,,
1456,10/1/2022 18:15,75.463,50.256,90.7,,,
1457,10/1/2022 18:20,75.117,49.786,74.9,,,
1458,10/1/2022 18:25,74.12,50.062,67,,,
1459,10/1/2022 18:30,74.034,51.384,59.1,,,
1460,10/1/2022 18:35,74.511,51.136,43.4,,,
1461,10/1/2022 18:40,74.899,50.817,35.5,,,
1462,10/1/2022 18:45,74.77,50.364,27.6,,,
1463,10/1/2022 18:50,73.818,51.147,19.7,,,
1464,10/1/2022 18:55,73.818,51.715,11.8,,,
1465,10/1/2022 19:00,74.206,51.461,11.8,,,
1466,10/1/2022 19:05,74.554,51.202,11.8,,,
1467,10/1/2022 19:10,74.597,50.763,11.8,,,
1468,10/1/2022 19:15,73.688,51.642,11.8,,,
1469,10/1/2022 19:20,73.731,52.055,11.8,,,
1470,10/1/2022 19:25,74.034,51.763,11.8,,,
1471,10/1/2022 19:30,74.338,51.534,11.8,,,
1472,10/1/2022 19:35,74.554,51.297,11.8,,,
1473,10/1/2022 19:40,74.727,51.152,11.8,,,
1474,10/1/2022 19:45,74.856,51.035,11.8,,,
1475,10/1/2022 19:50,74.25,50.516,11.8,,,
1476,10/1/2022 19:55,73.731,51.992,11.8,,,
1477,10/1/2022 20:00,73.904,51.911,11.8,,,
1478,10/1/2022 20:05,74.12,51.738,11.8,,,
1479,10/1/2022 20:10,74.295,51.562,11.8,,,
1480,10/1/2022 20:15,74.424,51.445,11.8,,,
1481,10/1/2022 20:20,74.511,51.357,11.8,,,
1482,10/1/2022 20:25,74.597,51.237,11.8,,,
1483,10/1/2022 20:30,74.597,51.016,11.8,,,
1484,10/1/2022 20:35,73.602,51.699,11.8,,,
1485,10/1/2022 20:40,73.386,52.343,11.8,,,
1486,10/1/2022 20:45,73.602,52.139,11.8,,,
1487,10/1/2022 20:50,73.774,51.964,11.8,,,
1488,10/1/2022 20:55,73.861,51.781,11.8,,,
1489,10/1/2022 21:00,73.99,51.665,11.8,,,
1490,10/1/2022 21:05,74.034,51.542,11.8,,,
1491,10/1/2022 21:10,74.12,51.486,11.8,,,
1492,10/1/2022 21:15,74.163,51.426,11.8,,,
1493,10/1/2022 21:20,74.206,51.397,11.8,,,
1494,10/1/2022 21:25,74.25,51.338,11.8,,,
1495,10/1/2022 21:30,74.295,51.372,11.8,,,
1496,10/1/2022 21:35,74.295,51.341,11.8,,,
1497,10/1/2022 21:40,74.295,51.309,11.8,,,
1498,10/1/2022 21:45,74.338,51.186,11.8,,,
1499,10/1/2022 21:50,74.338,51.218,11.8,,,
1500,10/1/2022 21:55,74.338,51.249,11.8,,,
1501,10/1/2022 22:00,74.338,51.155,11.8,,,
1502,10/1/2022 22:05,74.295,51.12,11.8,,,
1503,10/1/2022 22:10,73.861,50.645,11.8,,,
1504,10/1/2022 22:15,72.869,52.241,11.8,,,
1505,10/1/2022 22:20,72.912,52.307,11.8,,,
1506,10/1/2022 22:25,73.04,52.159,11.8,,,
1507,10/1/2022 22:30,73.126,51.883,11.8,,,
1508,10/1/2022 22:35,73.17,51.666,11.8,,,
1509,10/1/2022 22:40,73.213,51.606,11.8,,,
1510,10/1/2022 22:45,73.256,51.578,11.8,,,
1511,10/1/2022 22:50,73.256,51.578,11.8,,,
1512,10/1/2022 22:55,73.256,51.61,11.8,,,
1513,10/1/2022 23:00,73.256,51.61,11.8,,,
1514,10/1/2022 23:05,73.256,51.61,11.8,,,
1515,10/1/2022 23:10,73.213,51.543,11.8,,,
1516,10/1/2022 23:15,73.213,51.543,11.8,,,
1517,10/1/2022 23:20,73.213,51.512,11.8,,,
1518,10/1/2022 23:25,73.17,51.477,11.8,,,
1519,10/1/2022 23:30,73.17,51.477,11.8,,,
1520,10/1/2022 23:35,73.126,51.411,11.8,,,
1521,10/1/2022 23:40,73.126,51.442,11.8,,,
1522,10/1/2022 23:45,73.083,51.407,11.8,,,
1523,10/1/2022 23:50,73.04,51.341,11.8,,,
1524,10/1/2022 23:55,73.04,51.31,11.8,,,
1525,10/2/2022 0:00,72.997,51.338,11.8,,,
1526,10/2/2022 0:05,72.997,51.306,11.8,,,
1527,10/2/2022 0:10,72.912,51.3,11.8,,,
1528,10/2/2022 0:15,72.912,51.268,11.8,,,
1529,10/2/2022 0:20,72.869,51.265,11.8,,,
1530,10/2/2022 0:25,72.826,51.262,11.8,,,
1531,10/2/2022 0:30,72.783,51.259,11.8,,,
1532,10/2/2022 0:35,72.739,51.255,11.8,,,
1533,10/2/2022 0:40,72.696,51.252,11.8,,,
1534,10/2/2022 0:45,72.653,51.249,11.8,,,
1535,10/2/2022 0:50,72.61,51.246,11.8,,,
1536,10/2/2022 0:55,72.523,51.271,11.8,,,
1537,10/2/2022 1:00,72.523,51.271,11.8,,,
1538,10/2/2022 1:05,72.437,51.264,11.8,,,
1539,10/2/2022 1:10,72.394,51.292,11.8,,,
1540,10/2/2022 1:15,72.351,51.289,11.8,,,
1541,10/2/2022 1:20,72.307,51.254,11.8,,,
1542,10/2/2022 1:25,72.264,51.283,11.8,,,
1543,10/2/2022 1:30,72.178,51.276,11.8,,,
1544,10/2/2022 1:35,72.136,51.273,11.8,,,
1545,10/2/2022 1:40,72.093,51.27,11.8,,,
1546,10/2/2022 1:45,72.05,51.329,11.8,,,
1547,10/2/2022 1:50,72.007,51.295,11.8,,,
1548,10/2/2022 1:55,71.92,51.257,11.8,,,
1549,10/2/2022 2:00,71.877,51.316,11.8,,,
1550,10/2/2022 2:05,71.834,51.282,11.8,,,
1551,10/2/2022 2:10,71.748,51.307,11.8,,,
1552,10/2/2022 2:15,71.704,51.335,11.8,,,
1553,10/2/2022 2:20,71.661,51.332,11.8,,,
1554,10/2/2022 2:25,71.62,51.297,11.8,,,
1555,10/2/2022 2:30,71.577,51.325,11.8,,,
1556,10/2/2022 2:35,71.533,51.322,11.8,,,
1557,10/2/2022 2:40,71.447,51.315,11.8,,,
1558,10/2/2022 2:45,71.404,51.312,11.8,,,
1559,10/2/2022 2:50,71.361,51.34,11.8,,,
1560,10/2/2022 2:55,71.274,51.302,11.8,,,
1561,10/2/2022 3:00,71.231,51.331,11.8,,,
1562,10/2/2022 3:05,71.19,51.327,11.8,,,
1563,10/2/2022 3:10,71.103,51.352,11.8,,,
1564,10/2/2022 3:15,71.06,51.318,11.8,,,
1565,10/2/2022 3:20,71.017,51.377,11.8,,,
1566,10/2/2022 3:25,70.974,51.311,11.8,,,
1567,10/2/2022 3:30,70.887,51.367,11.8,,,
1568,10/2/2022 3:35,70.846,51.364,11.8,,,
1569,10/2/2022 3:40,70.803,51.361,11.8,,,
1570,10/2/2022 3:45,70.759,51.358,11.8,,,
1571,10/2/2022 3:50,70.673,51.414,11.8,,,
1572,10/2/2022 3:55,70.63,51.379,11.8,,,
1573,10/2/2022 4:00,70.587,51.376,11.8,,,
1574,10/2/2022 4:05,70.502,51.401,11.8,,,
1575,10/2/2022 4:10,70.459,51.398,11.8,,,
1576,10/2/2022 4:15,70.416,51.394,11.8,,,
1577,10/2/2022 4:20,70.329,51.388,11.8,,,
1578,10/2/2022 4:25,70.286,51.385,11.8,,,
1579,10/2/2022 4:30,70.243,51.444,11.8,,,
1580,10/2/2022 4:35,70.201,51.41,11.8,,,
1581,10/2/2022 4:40,70.158,51.469,11.8,,,
1582,10/2/2022 4:45,70.072,51.431,11.8,,,
1583,10/2/2022 4:50,70.029,51.428,11.8,,,
1584,10/2/2022 4:55,69.985,51.487,11.8,,,
1585,10/2/2022 5:00,69.901,51.418,11.8,,,
1586,10/2/2022 5:05,69.858,51.478,11.8,,,
1587,10/2/2022 5:10,69.814,51.474,11.8,,,
1588,10/2/2022 5:15,69.728,51.468,11.8,,,
1589,10/2/2022 5:20,69.685,51.496,11.8,,,
1590,10/2/2022 5:25,69.643,51.493,11.8,,,
1591,10/2/2022 5:30,69.557,51.486,11.8,,,
1592,10/2/2022 5:35,69.514,51.514,11.8,,,
1593,10/2/2022 5:40,69.471,51.542,11.8,,,
1594,10/2/2022 5:45,69.386,51.504,11.8,,,
1595,10/2/2022 5:50,69.343,51.532,11.8,,,
1596,10/2/2022 5:55,69.3,51.56,11.8,,,
1597,10/2/2022 6:00,69.256,51.557,11.8,,,
1598,10/2/2022 6:05,69.17,51.582,11.8,,,
1599,10/2/2022 6:10,69.129,51.579,11.8,,,
1600,10/2/2022 6:15,69.085,51.575,11.8,,,
1601,10/2/2022 6:20,69.042,51.572,11.8,,,
1602,10/2/2022 6:25,68.956,51.597,11.8,,,
1603,10/2/2022 6:30,68.913,51.562,11.8,,,
1604,10/2/2022 6:35,68.871,51.622,11.8,,,
1605,10/2/2022 6:40,68.828,51.65,11.8,,,
1606,10/2/2022 6:45,68.785,51.615,11.8,,,
1607,10/2/2022 6:50,68.742,51.643,11.8,,,
1608,10/2/2022 6:55,68.657,51.637,11.8,,,
1609,10/2/2022 7:00,68.614,51.602,11.8,,,
1610,10/2/2022 7:05,68.571,51.599,11.8,,,
1611,10/2/2022 7:10,68.527,51.627,11.8,,,
1612,10/2/2022 7:15,68.484,51.592,11.8,,,
1613,10/2/2022 7:20,68.4,51.648,11.8,,,
1614,10/2/2022 7:25,68.356,51.614,11.8,,,
1615,10/2/2022 7:30,68.313,51.611,11.8,,,
1616,10/2/2022 7:35,68.27,51.638,11.8,,,
1617,10/2/2022 7:40,68.227,51.698,11.8,,,
1618,10/2/2022 7:45,68.185,51.663,11.8,,,
1619,10/2/2022 7:50,68.099,51.657,19.7,,,
1620,10/2/2022 7:55,68.056,51.685,27.6,,,
1621,10/2/2022 8:00,68.013,51.65,35.5,,,
1622,10/2/2022 8:05,67.971,51.678,43.4,,,
1623,10/2/2022 8:10,67.971,51.709,51.2,,,
1624,10/2/2022 8:15,67.928,51.675,59.1,,,
1625,10/2/2022 8:20,67.885,51.671,67,,,
1626,10/2/2022 8:25,67.842,51.668,74.9,,,
1627,10/2/2022 8:30,67.842,51.699,82.8,,,
1628,10/2/2022 8:35,67.798,51.696,90.7,,,
1629,10/2/2022 8:40,67.798,51.696,106.4,,,
1630,10/2/2022 8:45,67.757,51.662,114.3,,,
1631,10/2/2022 8:50,67.757,51.662,130.1,,,
1632,10/2/2022 8:55,67.757,51.599,138,,,
1633,10/2/2022 9:00,67.757,51.63,145.8,,,
1634,10/2/2022 9:05,67.798,51.634,161.6,,,
1635,10/2/2022 9:10,67.798,51.571,169.5,,,
1636,10/2/2022 9:15,67.798,51.603,185.3,,,
1637,10/2/2022 9:20,67.842,51.575,201,,,
1638,10/2/2022 9:25,67.885,51.547,216.8,,,
1639,10/2/2022 9:30,67.928,51.519,224.7,,,
1640,10/2/2022 9:35,67.971,51.428,248.3,,,
1641,10/2/2022 9:40,68.013,51.4,264.1,,,
1642,10/2/2022 9:45,68.099,51.375,279.9,,,
1643,10/2/2022 9:50,68.142,51.316,287.8,,,
1644,10/2/2022 9:55,68.227,51.323,201,,,
1645,10/2/2022 10:00,68.27,51.295,303.5,,,
1646,10/2/2022 10:05,68.4,51.273,295.6,,,
1647,10/2/2022 10:10,68.484,51.248,319.3,,,
1648,10/2/2022 10:15,68.571,51.224,319.3,,,
1649,10/2/2022 10:20,68.657,51.23,327.2,,,
1650,10/2/2022 10:25,68.785,51.146,327.2,,,
1651,10/2/2022 10:30,68.871,51.121,335.1,,,
1652,10/2/2022 10:35,68.999,51.037,342.9,,,
1653,10/2/2022 10:40,69.129,50.984,350.8,,,
1654,10/2/2022 10:45,69.256,50.962,358.7,,,
1655,10/2/2022 10:50,69.386,50.909,350.8,,,
1656,10/2/2022 10:55,69.514,50.856,366.6,,,
1657,10/2/2022 11:00,69.643,50.834,374.5,,,
1658,10/2/2022 11:05,69.814,50.784,382.4,,,
1659,10/2/2022 11:10,69.942,50.731,390.2,,,
1660,10/2/2022 11:15,70.115,50.681,398.1,,,
1661,10/2/2022 11:20,70.243,50.628,406,,,
1662,10/2/2022 11:25,70.416,50.578,406,,,
1663,10/2/2022 11:30,70.543,50.524,413.9,,,
1664,10/2/2022 11:35,70.716,50.474,413.9,,,
1665,10/2/2022 11:40,70.846,50.484,421.8,,,
1666,10/2/2022 11:45,71.017,50.402,429.7,,,
1667,10/2/2022 11:50,71.19,50.383,437.5,,,
1668,10/2/2022 11:55,71.361,50.333,445.4,,,
1669,10/2/2022 12:00,71.49,50.311,445.4,,,
1670,10/2/2022 12:05,71.661,50.292,445.4,,,
1671,10/2/2022 12:10,71.834,50.273,453.3,,,
1672,10/2/2022 12:15,71.964,50.251,453.3,,,
1673,10/2/2022 12:20,72.136,50.233,461.2,,,
1674,10/2/2022 12:25,72.307,50.214,469.1,,,
1675,10/2/2022 12:30,72.48,50.163,469.1,,,
1676,10/2/2022 12:35,72.61,50.173,484.9,,,
1677,10/2/2022 12:40,72.783,50.122,492.7,,,
1678,10/2/2022 12:45,72.955,50.072,492.7,,,
1679,10/2/2022 12:50,73.126,50.116,500.6,,,
1680,10/2/2022 12:55,73.256,50.031,350.8,,,
1681,10/2/2022 13:00,73.386,50.072,437.5,,,
1682,10/2/2022 13:05,73.558,50.116,532.2,,,
1683,10/2/2022 13:10,73.688,50.126,437.5,,,
1684,10/2/2022 13:15,73.818,50.104,540,,,
1685,10/2/2022 13:20,73.947,50.145,256.2,,,
1686,10/2/2022 13:25,74.034,50.215,469.1,,,
1687,10/2/2022 13:30,74.206,50.164,461.2,,,
1688,10/2/2022 13:35,74.338,50.11,390.2,,,
1689,10/2/2022 13:40,74.467,50.151,248.3,,,
1690,10/2/2022 13:45,74.597,50.129,571.6,,,
1691,10/2/2022 13:50,74.727,50.139,342.9,,,
1692,10/2/2022 13:55,74.856,50.148,366.6,,,
1693,10/2/2022 14:00,74.943,50.218,358.7,,,
1694,10/2/2022 14:05,75.074,50.228,500.6,,,
1695,10/2/2022 14:10,75.247,50.145,461.2,,,
1696,10/2/2022 14:15,75.376,50.123,547.9,,,
1697,10/2/2022 14:20,75.508,50.069,390.2,,,
1698,10/2/2022 14:25,75.637,50.206,508.5,,,
1699,10/2/2022 14:30,75.767,50.088,453.3,,,
1700,10/2/2022 14:35,75.898,50.129,279.9,,,
1701,10/2/2022 14:40,76.028,50.075,484.9,,,
1702,10/2/2022 14:45,76.158,49.989,492.7,,,
1703,10/2/2022 14:50,76.289,49.935,382.4,,,
1704,10/2/2022 14:55,76.419,49.881,342.9,,,
1705,10/2/2022 15:00,76.55,49.827,469.1,,,
1706,10/2/2022 15:05,76.681,49.868,295.6,,,
1707,10/2/2022 15:10,76.811,49.91,335.1,,,
1708,10/2/2022 15:15,76.942,49.887,492.7,,,
1709,10/2/2022 15:20,77.072,49.865,208.9,,,
1710,10/2/2022 15:25,77.203,49.843,453.3,,,
1711,10/2/2022 15:30,77.335,49.788,342.9,,,
1712,10/2/2022 15:35,77.421,49.763,272,,,
1713,10/2/2022 15:40,77.509,49.642,232.6,,,
1714,10/2/2022 15:45,77.639,49.587,437.5,,,
1715,10/2/2022 15:50,77.727,49.594,311.4,,,
1716,10/2/2022 15:55,77.859,49.507,406,,,
1717,10/2/2022 16:00,77.945,49.514,256.2,,,
1718,10/2/2022 16:05,78.033,49.488,240.5,,,
1719,10/2/2022 16:10,78.121,49.462,177.4,,,
1720,10/2/2022 16:15,78.208,49.469,185.3,,,
1721,10/2/2022 16:20,78.251,49.44,208.9,,,
1722,10/2/2022 16:25,78.339,49.382,208.9,,,
1723,10/2/2022 16:30,78.427,49.324,327.2,,,
1724,10/2/2022 16:35,78.471,49.328,161.6,,,
1725,10/2/2022 16:40,78.514,49.331,208.9,,,
1726,10/2/2022 16:45,78.602,49.337,185.3,,,
1727,10/2/2022 16:50,78.645,49.276,169.5,,,
1728,10/2/2022 16:55,78.69,49.279,153.7,,,
1729,10/2/2022 17:00,78.733,49.218,130.1,,,
1730,10/2/2022 17:05,78.777,49.222,201,,,
1731,10/2/2022 17:10,78.822,49.225,138,,,
1732,10/2/2022 17:15,78.822,49.161,153.7,,,
1733,10/2/2022 17:20,78.865,49.164,106.4,,,
1734,10/2/2022 17:25,78.91,49.167,193.2,,,
1735,10/2/2022 17:30,78.953,49.17,114.3,,,
1736,10/2/2022 17:35,78.953,49.17,90.7,,,
1737,10/2/2022 17:40,78.996,49.173,98.5,,,
1738,10/2/2022 17:45,78.996,49.173,98.5,,,
1739,10/2/2022 17:50,79.041,49.176,74.9,,,
1740,10/2/2022 17:55,79.041,49.208,74.9,,,
1741,10/2/2022 18:00,78.514,48.69,59.1,,,
1742,10/2/2022 18:05,77.203,48.597,59.1,,,
1743,10/2/2022 18:10,75.942,48.699,74.9,,,
1744,10/2/2022 18:15,74.899,49.071,43.4,,,
1745,10/2/2022 18:20,74.683,50.611,43.4,,,
1746,10/2/2022 18:25,75.074,50.386,35.5,,,
1747,10/2/2022 18:30,75.42,50.126,19.7,,,
1748,10/2/2022 18:35,75.16,49.662,27.6,,,
1749,10/2/2022 18:40,74.163,51.015,19.7,,,
1750,10/2/2022 18:45,74.338,51.06,19.7,,,
1751,10/2/2022 18:50,74.64,50.798,11.8,,,
1752,10/2/2022 18:55,74.899,50.564,11.8,,,
1753,10/2/2022 19:00,75.117,50.421,11.8,,,
1754,10/2/2022 19:05,74.77,49.983,11.8,,,
1755,10/2/2022 19:10,74.034,51.416,11.8,,,
1756,10/2/2022 19:15,74.25,51.306,11.8,,,
1757,10/2/2022 19:20,74.467,51.101,11.8,,,
1758,10/2/2022 19:25,74.683,50.927,11.8,,,
1759,10/2/2022 19:30,74.683,50.548,11.8,,,
1760,10/2/2022 19:35,73.688,51.705,11.8,,,
1761,10/2/2022 19:40,73.731,51.772,11.8,,,
1762,10/2/2022 19:45,73.947,51.536,11.8,,,
1763,10/2/2022 19:50,74.12,51.328,11.8,,,
1764,10/2/2022 19:55,74.295,51.183,11.8,,,
1765,10/2/2022 20:00,74.424,51.003,11.8,,,
1766,10/2/2022 20:05,74.511,50.915,11.8,,,
1767,10/2/2022 20:10,74.597,50.826,11.8,,,
1768,10/2/2022 20:15,74.64,50.766,11.8,,,
1769,10/2/2022 20:20,74.683,50.738,11.8,,,
1770,10/2/2022 20:25,74.206,50.322,11.8,,,
1771,10/2/2022 20:30,73.342,51.931,11.8,,,
1772,10/2/2022 20:35,73.472,51.846,11.8,,,
1773,10/2/2022 20:40,73.602,51.667,11.8,,,
1774,10/2/2022 20:45,73.731,51.393,11.8,,,
1775,10/2/2022 20:50,73.861,51.277,11.8,,,
1776,10/2/2022 20:55,73.904,51.059,11.8,,,
1777,10/2/2022 21:00,73.99,50.939,11.8,,,
1778,10/2/2022 21:05,73.99,50.876,11.8,,,
1779,10/2/2022 21:10,74.034,50.847,11.8,,,
1780,10/2/2022 21:15,74.077,50.819,11.8,,,
1781,10/2/2022 21:20,74.077,50.629,11.8,,,
1782,10/2/2022 21:25,74.077,50.566,11.8,,,
1783,10/2/2022 21:30,74.077,50.534,11.8,,,
1784,10/2/2022 21:35,74.077,50.566,11.8,,,
1785,10/2/2022 21:40,74.077,50.598,11.8,,,
1786,10/2/2022 21:45,74.077,50.598,11.8,,,
1787,10/2/2022 21:50,74.034,50.594,11.8,,,
1788,10/2/2022 21:55,74.034,50.626,11.8,,,
1789,10/2/2022 22:00,73.99,50.654,11.8,,,
1790,10/2/2022 22:05,73.99,50.686,11.8,,,
1791,10/2/2022 22:10,73.947,50.683,11.8,,,
1792,10/2/2022 22:15,73.904,50.68,11.8,,,
1793,10/2/2022 22:20,73.904,50.711,11.8,,,
1794,10/2/2022 22:25,73.861,50.708,11.8,,,
1795,10/2/2022 22:30,73.818,50.705,11.8,,,
1796,10/2/2022 22:35,73.774,50.702,11.8,,,
1797,10/2/2022 22:40,73.731,50.698,11.8,,,
1798,10/2/2022 22:45,73.688,50.727,11.8,,,
1799,10/2/2022 22:50,73.645,50.692,11.8,,,
1800,10/2/2022 22:55,73.645,50.724,11.8,,,
1801,10/2/2022 23:00,73.602,50.689,11.8,,,
1802,10/2/2022 23:05,73.558,50.717,11.8,,,
1803,10/2/2022 23:10,73.515,50.746,11.8,,,
1804,10/2/2022 23:15,73.472,50.711,11.8,,,
1805,10/2/2022 23:20,73.429,50.739,11.8,,,
1806,10/2/2022 23:25,73.342,50.733,11.8,,,
1807,10/2/2022 23:30,73.299,50.73,11.8,,,
1808,10/2/2022 23:35,73.256,50.758,11.8,,,
1809,10/2/2022 23:40,73.213,50.723,11.8,,,
1810,10/2/2022 23:45,73.17,50.783,11.8,,,
1811,10/2/2022 23:50,73.126,50.717,11.8,,,
1812,10/2/2022 23:55,73.083,50.713,11.8,,,
1813,10/3/2022 0:00,72.997,50.707,11.8,,,
1814,10/3/2022 0:05,72.955,50.735,11.8,,,
1815,10/3/2022 0:10,72.912,50.732,11.8,,,
1816,10/3/2022 0:15,72.869,50.697,11.8,,,
1817,10/3/2022 0:20,72.826,50.726,11.8,,,
1818,10/3/2022 0:25,72.739,50.751,11.8,,,
1819,10/3/2022 0:30,72.696,50.748,11.8,,,
1820,10/3/2022 0:35,72.653,50.744,11.8,,,
1821,10/3/2022 0:40,72.61,50.741,11.8,,,
1822,10/3/2022 0:45,72.567,50.738,11.8,,,
1823,10/3/2022 0:50,72.48,50.763,11.8,,,
1824,10/3/2022 0:55,72.437,50.792,11.8,,,
1825,10/3/2022 1:00,72.394,50.82,11.8,,,
1826,10/3/2022 1:05,72.351,50.785,11.8,,,
1827,10/3/2022 1:10,72.307,50.75,11.8,,,
1828,10/3/2022 1:15,72.264,50.747,11.8,,,
1829,10/3/2022 1:20,72.178,50.772,11.8,,,
1830,10/3/2022 1:25,72.178,50.804,11.8,,,
1831,10/3/2022 1:30,72.136,50.769,11.8,,,
1832,10/3/2022 1:35,72.05,50.731,11.8,,,
1833,10/3/2022 1:40,72.007,50.791,11.8,,,
1834,10/3/2022 1:45,71.964,50.788,11.8,,,
1835,10/3/2022 1:50,71.92,50.784,11.8,,,
1836,10/3/2022 1:55,71.877,50.781,11.8,,,
1837,10/3/2022 2:00,71.791,50.743,11.8,,,
1838,10/3/2022 2:05,71.748,50.803,11.8,,,
1839,10/3/2022 2:10,71.704,50.737,11.8,,,
1840,10/3/2022 2:15,71.661,50.797,11.8,,,
1841,10/3/2022 2:20,71.577,50.759,11.8,,,
1842,10/3/2022 2:25,71.533,50.787,11.8,,,
1843,10/3/2022 2:30,71.49,50.815,11.8,,,
1844,10/3/2022 2:35,71.404,50.809,11.8,,,
1845,10/3/2022 2:40,71.361,50.774,11.8,,,
1846,10/3/2022 2:45,71.317,50.802,11.8,,,
1847,10/3/2022 2:50,71.231,50.796,11.8,,,
1848,10/3/2022 2:55,71.19,50.793,11.8,,,
1849,10/3/2022 3:00,71.146,50.821,11.8,,,
1850,10/3/2022 3:05,71.06,50.815,11.8,,,
1851,10/3/2022 3:10,71.017,50.811,11.8,,,
1852,10/3/2022 3:15,70.974,50.808,11.8,,,
1853,10/3/2022 3:20,70.93,50.836,11.8,,,
1854,10/3/2022 3:25,70.887,50.833,11.8,,,
1855,10/3/2022 3:30,70.803,50.858,11.8,,,
1856,10/3/2022 3:35,70.759,50.792,11.8,,,
1857,10/3/2022 3:40,70.716,50.852,11.8,,,
1858,10/3/2022 3:45,70.63,50.877,11.8,,,
1859,10/3/2022 3:50,70.587,50.842,11.8,,,
1860,10/3/2022 3:55,70.543,50.902,11.8,,,
1861,10/3/2022 4:00,70.502,50.899,11.8,,,
1862,10/3/2022 4:05,70.416,50.861,11.8,,,
1863,10/3/2022 4:10,70.372,50.889,11.8,,,
1864,10/3/2022 4:15,70.329,50.886,11.8,,,
1865,10/3/2022 4:20,70.286,50.914,11.8,,,
1866,10/3/2022 4:25,70.243,50.942,11.8,,,
1867,10/3/2022 4:30,70.201,50.907,11.8,,,
1868,10/3/2022 4:35,70.115,50.901,11.8,,,
1869,10/3/2022 4:40,70.072,50.929,11.8,,,
1870,10/3/2022 4:45,70.029,50.926,11.8,,,
1871,10/3/2022 4:50,69.985,50.923,11.8,,,
1872,10/3/2022 4:55,69.942,50.951,11.8,,,
1873,10/3/2022 5:00,69.858,50.944,11.8,,,
1874,10/3/2022 5:05,69.814,50.941,11.8,,,
1875,10/3/2022 5:10,69.771,50.938,11.8,,,
1876,10/3/2022 5:15,69.728,50.966,11.8,,,
1877,10/3/2022 5:20,69.685,50.963,11.8,,,
1878,10/3/2022 5:25,69.643,50.991,11.8,,,
1879,10/3/2022 5:30,69.557,50.953,11.8,,,
1880,10/3/2022 5:35,69.514,51.013,11.8,,,
1881,10/3/2022 5:40,69.471,51.01,11.8,,,
1882,10/3/2022 5:45,69.427,51.038,11.8,,,
1883,10/3/2022 5:50,69.386,51.003,11.8,,,
1884,10/3/2022 5:55,69.343,51.063,11.8,,,
1885,10/3/2022 6:00,69.3,50.997,11.8,,,
1886,10/3/2022 6:05,69.256,50.993,11.8,,,
1887,10/3/2022 6:10,69.213,51.022,11.8,,,
1888,10/3/2022 6:15,69.17,51.018,11.8,,,
1889,10/3/2022 6:20,69.129,50.984,11.8,,,
1890,10/3/2022 6:25,69.085,51.043,11.8,,,
1891,10/3/2022 6:30,69.042,51.071,11.8,,,
1892,10/3/2022 6:35,68.999,51.037,11.8,,,
1893,10/3/2022 6:40,68.956,51.033,11.8,,,
1894,10/3/2022 6:45,68.913,51.03,11.8,,,
1895,10/3/2022 6:50,68.828,51.024,11.8,,,
1896,10/3/2022 6:55,68.828,51.024,11.8,,,
1897,10/3/2022 7:00,68.742,51.049,11.8,,,
1898,10/3/2022 7:05,68.698,51.077,11.8,,,
1899,10/3/2022 7:10,68.657,51.074,11.8,,,
1900,10/3/2022 7:15,68.614,51.07,11.8,,,
1901,10/3/2022 7:20,68.571,51.098,11.8,,,
1902,10/3/2022 7:25,68.484,51.092,11.8,,,
1903,10/3/2022 7:30,68.484,51.061,11.8,,,
1904,10/3/2022 7:35,68.4,51.117,11.8,,,
1905,10/3/2022 7:40,68.356,51.113,11.8,,,
1906,10/3/2022 7:45,68.313,51.11,11.8,,,
1907,10/3/2022 7:50,68.27,51.107,11.8,,,
1908,10/3/2022 7:55,68.27,51.138,19.7,,,
1909,10/3/2022 8:00,68.227,51.135,27.6,,,
1910,10/3/2022 8:05,68.185,51.101,35.5,,,
1911,10/3/2022 8:10,68.142,51.097,43.4,,,
1912,10/3/2022 8:15,68.099,51.125,59.1,,,
1913,10/3/2022 8:20,68.099,51.125,67,,,
1914,10/3/2022 8:25,68.056,51.185,74.9,,,
1915,10/3/2022 8:30,68.013,51.119,90.7,,,
1916,10/3/2022 8:35,68.013,51.119,98.5,,,
1917,10/3/2022 8:40,68.013,51.15,106.4,,,
1918,10/3/2022 8:45,68.013,51.088,122.2,,,
1919,10/3/2022 8:50,68.013,51.088,138,,,
1920,10/3/2022 8:55,68.013,51.088,138,,,
1921,10/3/2022 9:00,68.013,51.088,130.1,,,
1922,10/3/2022 9:05,68.056,51.028,177.4,,,
1923,10/3/2022 9:10,68.056,51.028,153.7,,,
1924,10/3/2022 9:15,68.099,51.063,153.7,,,
1925,10/3/2022 9:20,68.142,51.003,208.9,,,
1926,10/3/2022 9:25,68.185,50.944,216.8,,,
1927,10/3/2022 9:30,68.227,50.947,232.6,,,
1928,10/3/2022 9:35,68.27,50.888,248.3,,,
1929,10/3/2022 9:40,68.313,50.86,224.7,,,
1930,10/3/2022 9:45,68.4,50.804,264.1,,,
1931,10/3/2022 9:50,68.443,50.807,272,,,
1932,10/3/2022 9:55,68.527,50.782,279.9,,,
1933,10/3/2022 10:00,68.614,50.757,295.6,,,
1934,10/3/2022 10:05,68.698,50.826,303.5,,,
1935,10/3/2022 10:10,68.828,50.773,311.4,,,
1936,10/3/2022 10:15,68.913,50.717,311.4,,,
1937,10/3/2022 10:20,68.999,50.66,319.3,,,
1938,10/3/2022 10:25,69.129,50.607,327.2,,,
1939,10/3/2022 10:30,69.213,50.551,335.1,,,
1940,10/3/2022 10:35,69.343,50.498,342.9,,,
1941,10/3/2022 10:40,69.471,50.476,350.8,,,
1942,10/3/2022 10:45,69.6,50.454,358.7,,,
1943,10/3/2022 10:50,69.728,50.401,366.6,,,
1944,10/3/2022 10:55,69.858,50.347,350.8,,,
1945,10/3/2022 11:00,70.029,50.297,382.4,,,
1946,10/3/2022 11:05,70.158,50.244,390.2,,,
1947,10/3/2022 11:10,70.329,50.225,398.1,,,
1948,10/3/2022 11:15,70.459,50.172,406,,,
1949,10/3/2022 11:20,70.63,50.121,406,,,
1950,10/3/2022 11:25,70.759,50.099,406,,,
1951,10/3/2022 11:30,70.93,50.049,421.8,,,
1952,10/3/2022 11:35,71.103,49.999,429.7,,,
1953,10/3/2022 11:40,71.231,49.977,429.7,,,
1954,10/3/2022 11:45,71.447,49.961,445.4,,,
1955,10/3/2022 11:50,71.577,49.939,445.4,,,
1956,10/3/2022 11:55,71.748,49.92,453.3,,,
1957,10/3/2022 12:00,71.92,49.869,453.3,,,
1958,10/3/2022 12:05,72.093,49.914,461.2,,,
1959,10/3/2022 12:10,72.264,49.863,461.2,,,
1960,10/3/2022 12:15,72.437,49.876,469.1,,,
1961,10/3/2022 12:20,72.61,49.857,469.1,,,
1962,10/3/2022 12:25,72.783,49.806,477,,,
1963,10/3/2022 12:30,72.955,49.787,477,,,
1964,10/3/2022 12:35,73.126,49.799,484.9,,,
1965,10/3/2022 12:40,73.299,49.749,477,,,
1966,10/3/2022 12:45,73.472,49.73,484.9,,,
1967,10/3/2022 12:50,73.602,49.739,484.9,,,
1968,10/3/2022 12:55,73.774,49.752,484.9,,,
1969,10/3/2022 13:00,73.947,49.733,484.9,,,
1970,10/3/2022 13:05,74.12,49.777,492.7,,,
1971,10/3/2022 13:10,74.295,49.79,469.1,,,
1972,10/3/2022 13:15,74.424,49.736,461.2,,,
1973,10/3/2022 13:20,74.597,49.812,492.7,,,
1974,10/3/2022 13:25,74.77,49.666,492.7,,,
1975,10/3/2022 13:30,74.899,49.675,311.4,,,
1976,10/3/2022 13:35,75.074,49.751,492.7,,,
1977,10/3/2022 13:40,75.204,49.602,492.7,,,
1978,10/3/2022 13:45,75.376,49.742,484.9,,,
1979,10/3/2022 13:50,75.508,49.528,492.7,,,
1980,10/3/2022 13:55,75.637,49.633,492.7,,,
1981,10/3/2022 14:00,75.81,49.678,492.7,,,
1982,10/3/2022 14:05,75.942,49.496,500.6,,,
1983,10/3/2022 14:10,76.114,49.541,492.7,,,
1984,10/3/2022 14:15,76.246,49.677,492.7,,,
1985,10/3/2022 14:20,76.375,49.655,492.7,,,
1986,10/3/2022 14:25,76.55,49.508,484.9,,,
1987,10/3/2022 14:30,76.681,49.326,484.9,,,
1988,10/3/2022 14:35,76.811,49.304,477,,,
1989,10/3/2022 14:40,76.986,49.285,477,,,
1990,10/3/2022 14:45,77.117,49.294,469.1,,,
1991,10/3/2022 14:50,77.292,49.243,469.1,,,
1992,10/3/2022 14:55,77.421,49.316,469.1,,,
1993,10/3/2022 15:00,77.553,49.198,461.2,,,
1994,10/3/2022 15:05,77.684,49.271,461.2,,,
1995,10/3/2022 15:10,77.815,49.184,453.3,,,
1996,10/3/2022 15:15,77.945,49.226,453.3,,,
1997,10/3/2022 15:20,78.076,49.203,453.3,,,
1998,10/3/2022 15:25,78.208,49.181,445.4,,,
1999,10/3/2022 15:30,78.339,49.158,437.5,,,
2000,10/3/2022 15:35,78.471,49.136,429.7,,,
2001,10/3/2022 15:40,78.602,49.081,421.8,,,
2002,10/3/2022 15:45,78.69,49.023,421.8,,,
2003,10/3/2022 15:50,78.822,49,413.9,,,
2004,10/3/2022 15:55,78.953,48.978,406,,,
2005,10/3/2022 16:00,79.084,48.955,406,,,
2006,10/3/2022 16:05,79.216,48.933,390.2,,,
2007,10/3/2022 16:10,79.304,48.875,390.2,,,
2008,10/3/2022 16:15,79.435,48.852,382.4,,,
2009,10/3/2022 16:20,79.567,48.829,390.2,,,
2010,10/3/2022 16:25,79.655,48.803,382.4,,,
2011,10/3/2022 16:30,79.788,48.781,374.5,,,
2012,10/3/2022 16:35,79.92,48.726,358.7,,,
2013,10/3/2022 16:40,80.051,48.671,350.8,,,
2014,10/3/2022 16:45,80.139,48.613,350.8,,,
2015,10/3/2022 16:50,80.272,48.59,342.9,,,
2016,10/3/2022 16:55,80.361,48.564,327.2,,,
2017,10/3/2022 17:00,80.272,48.139,319.3,,,
2018,10/3/2022 17:05,79.261,48.711,303.5,,,
2019,10/3/2022 17:10,79.261,49.032,295.6,,,
2020,10/3/2022 17:15,79.524,48.954,279.9,,,
2021,10/3/2022 17:20,79.743,48.906,272,,,
2022,10/3/2022 17:25,79.92,48.79,248.3,,,
2023,10/3/2022 17:30,80.096,48.77,232.6,,,
2024,10/3/2022 17:35,79.7,48.228,177.4,,,
2025,10/3/2022 17:40,78.733,49.347,201,,,
2026,10/3/2022 17:45,78.91,49.423,106.4,,,
2027,10/3/2022 17:50,79.173,49.314,82.8,,,
2028,10/3/2022 17:55,79.392,49.137,51.2,,,
2029,10/3/2022 18:00,78.602,48.696,43.4,,,
2030,10/3/2022 18:05,77.421,48.58,51.2,,,
2031,10/3/2022 18:10,76.332,48.599,43.4,,,
2032,10/3/2022 18:15,75.376,48.691,35.5,,,
2033,10/3/2022 18:20,74.899,50.595,27.6,,,
2034,10/3/2022 18:25,75.376,50.377,27.6,,,
2035,10/3/2022 18:30,75.81,50.059,19.7,,,
2036,10/3/2022 18:35,75.16,49.662,11.8,,,
2037,10/3/2022 18:40,74.683,51.086,11.8,,,
2038,10/3/2022 18:45,75.029,50.858,11.8,,,
2039,10/3/2022 18:50,75.376,50.567,11.8,,,
2040,10/3/2022 18:55,75.204,50.174,11.8,,,
2041,10/3/2022 19:00,74.295,51.436,11.8,,,
2042,10/3/2022 19:05,74.511,51.357,11.8,,,
2043,10/3/2022 19:10,74.856,51.067,11.8,,,
2044,10/3/2022 19:15,75.117,50.865,11.8,,,
2045,10/3/2022 19:20,74.554,50.538,11.8,,,
2046,10/3/2022 19:25,74.163,51.867,11.8,,,
2047,10/3/2022 19:30,74.424,51.572,11.8,,,
2048,10/3/2022 19:35,74.683,51.339,11.8,,,
2049,10/3/2022 19:40,74.899,51.133,11.8,,,
2050,10/3/2022 19:45,75.074,50.988,11.8,,,
2051,10/3/2022 19:50,74.295,50.898,11.8,,,
2052,10/3/2022 19:55,73.99,51.949,11.8,,,
2053,10/3/2022 20:00,74.206,51.808,11.8,,,
2054,10/3/2022 20:05,74.424,51.54,11.8,,,
2055,10/3/2022 20:10,74.597,51.332,11.8,,,
2056,10/3/2022 20:15,74.727,51.215,11.8,,,
2057,10/3/2022 20:20,74.856,51.099,11.8,,,
2058,10/3/2022 20:25,74.727,50.772,11.8,,,
2059,10/3/2022 20:30,73.731,52.118,11.8,,,
2060,10/3/2022 20:35,73.731,52.149,11.8,,,
2061,10/3/2022 20:40,73.947,51.914,11.8,,,
2062,10/3/2022 20:45,74.12,51.675,11.8,,,
2063,10/3/2022 20:50,74.295,51.53,11.8,,,
2064,10/3/2022 20:55,74.381,51.379,11.8,,,
2065,10/3/2022 21:00,74.467,51.259,11.8,,,
2066,10/3/2022 21:05,74.077,50.756,11.8,,,
2067,10/3/2022 21:10,73.256,52.27,11.8,,,
2068,10/3/2022 21:15,73.342,52.277,11.8,,,
2069,10/3/2022 21:20,73.515,52.07,11.8,,,
2070,10/3/2022 21:25,73.645,51.828,11.8,,,
2071,10/3/2022 21:30,73.774,51.68,11.8,,,
2072,10/3/2022 21:35,73.861,51.498,11.8,,,
2073,10/3/2022 21:40,73.904,51.406,11.8,,,
2074,10/3/2022 21:45,73.99,51.287,11.8,,,
2075,10/3/2022 21:50,74.034,51.163,11.8,,,
2076,10/3/2022 21:55,74.034,51.069,11.8,,,
2077,10/3/2022 22:00,74.077,51.009,11.8,,,
2078,10/3/2022 22:05,74.077,50.882,11.8,,,
2079,10/3/2022 22:10,74.12,50.791,11.8,,,
2080,10/3/2022 22:15,74.12,50.791,11.8,,,
2081,10/3/2022 22:20,74.12,50.727,11.8,,,
2082,10/3/2022 22:25,73.386,50.61,11.8,,,
2083,10/3/2022 22:30,72.783,52.265,11.8,,,
2084,10/3/2022 22:35,72.912,52.118,11.8,,,
2085,10/3/2022 22:40,72.997,51.842,11.8,,,
2086,10/3/2022 22:45,73.126,51.474,11.8,,,
2087,10/3/2022 22:50,73.17,51.382,11.8,,,
2088,10/3/2022 22:55,73.256,51.326,11.8,,,
2089,10/3/2022 23:00,73.256,51.294,11.8,,,
2090,10/3/2022 23:05,73.299,51.266,11.8,,,
2091,10/3/2022 23:10,73.299,51.266,11.8,,,
2092,10/3/2022 23:15,73.342,51.238,11.8,,,
2093,10/3/2022 23:20,73.342,51.206,11.8,,,
2094,10/3/2022 23:25,73.299,51.171,11.8,,,
2095,10/3/2022 23:30,73.299,51.171,11.8,,,
2096,10/3/2022 23:35,73.299,51.171,11.8,,,
2097,10/3/2022 23:40,73.299,51.171,11.8,,,
2098,10/3/2022 23:45,73.299,51.14,11.8,,,
2099,10/3/2022 23:50,73.256,51.105,11.8,,,
2100,10/3/2022 23:55,73.256,51.074,11.8,,,
2101,10/4/2022 0:00,73.256,51.042,11.8,,,
2102,10/4/2022 0:05,73.213,51.007,11.8,,,
2103,10/4/2022 0:10,73.213,51.039,11.8,,,
2104,10/4/2022 0:15,73.17,51.036,11.8,,,
2105,10/4/2022 0:20,73.17,50.972,11.8,,,
2106,10/4/2022 0:25,73.17,51.036,11.8,,,
2107,10/4/2022 0:30,73.126,50.969,11.8,,,
2108,10/4/2022 0:35,73.083,50.966,11.8,,,
2109,10/4/2022 0:40,73.083,50.966,11.8,,,
2110,10/4/2022 0:45,73.04,50.931,11.8,,,
2111,10/4/2022 0:50,72.997,50.928,11.8,,,
2112,10/4/2022 0:55,72.997,50.96,11.8,,,
2113,10/4/2022 1:00,72.955,50.893,11.8,,,
2114,10/4/2022 1:05,72.912,50.89,11.8,,,
2115,10/4/2022 1:10,72.869,50.887,11.8,,,
2116,10/4/2022 1:15,72.869,50.887,11.8,,,
2117,10/4/2022 1:20,72.826,50.884,11.8,,,
2118,10/4/2022 1:25,72.783,50.88,11.8,,,
2119,10/4/2022 1:30,72.783,50.88,11.8,,,
2120,10/4/2022 1:35,72.739,50.909,11.8,,,
2121,10/4/2022 1:40,72.696,50.874,11.8,,,
2122,10/4/2022 1:45,72.653,50.902,11.8,,,
2123,10/4/2022 1:50,72.61,50.899,11.8,,,
2124,10/4/2022 1:55,72.61,50.867,11.8,,,
2125,10/4/2022 2:00,72.567,50.864,11.8,,,
2126,10/4/2022 2:05,72.523,50.861,11.8,,,
2127,10/4/2022 2:10,72.523,50.829,11.8,,,
2128,10/4/2022 2:15,72.48,50.858,11.8,,,
2129,10/4/2022 2:20,72.437,50.855,11.8,,,
2130,10/4/2022 2:25,72.394,50.851,11.8,,,
2131,10/4/2022 2:30,72.351,50.88,11.8,,,
2132,10/4/2022 2:35,72.351,50.817,11.8,,,
2133,10/4/2022 2:40,72.307,50.845,11.8,,,
2134,10/4/2022 2:45,72.264,50.779,11.8,,,
2135,10/4/2022 2:50,72.264,50.873,11.8,,,
2136,10/4/2022 2:55,72.221,50.87,11.8,,,
2137,10/4/2022 3:00,72.178,50.804,11.8,,,
2138,10/4/2022 3:05,72.178,50.835,11.8,,,
2139,10/4/2022 3:10,72.136,50.832,11.8,,,
2140,10/4/2022 3:15,72.093,50.829,11.8,,,
2141,10/4/2022 3:20,72.093,50.829,11.8,,,
2142,10/4/2022 3:25,72.05,50.826,11.8,,,
2143,10/4/2022 3:30,72.05,50.857,11.8,,,
2144,10/4/2022 3:35,72.007,50.791,11.8,,,
2145,10/4/2022 3:40,72.007,50.822,11.8,,,
2146,10/4/2022 3:45,71.964,50.819,11.8,,,
2147,10/4/2022 3:50,71.92,50.784,11.8,,,
2148,10/4/2022 3:55,71.92,50.753,11.8,,,
2149,10/4/2022 4:00,71.92,50.784,11.8,,,
2150,10/4/2022 4:05,71.877,50.75,11.8,,,
2151,10/4/2022 4:10,71.877,50.781,11.8,,,
2152,10/4/2022 4:15,71.834,50.778,11.8,,,
2153,10/4/2022 4:20,71.834,50.747,11.8,,,
2154,10/4/2022 4:25,71.834,50.747,11.8,,,
2155,10/4/2022 4:30,71.791,50.743,11.8,,,
2156,10/4/2022 4:35,71.791,50.775,11.8,,,
2157,10/4/2022 4:40,71.791,50.743,11.8,,,
2158,10/4/2022 4:45,71.791,50.712,11.8,,,
2159,10/4/2022 4:50,71.791,50.743,11.8,,,
2160,10/4/2022 4:55,71.748,50.74,11.8,,,
2161,10/4/2022 5:00,71.748,50.709,11.8,,,
2162,10/4/2022 5:05,71.748,50.74,11.8,,,
2163,10/4/2022 5:10,71.704,50.674,11.8,,,
2164,10/4/2022 5:15,71.704,50.737,11.8,,,
2165,10/4/2022 5:20,71.661,50.671,11.8,,,
2166,10/4/2022 5:25,71.661,50.639,11.8,,,
2167,10/4/2022 5:30,71.661,50.671,11.8,,,
2168,10/4/2022 5:35,71.62,50.699,11.8,,,
2169,10/4/2022 5:40,71.62,50.636,11.8,,,
2170,10/4/2022 5:45,71.62,50.636,11.8,,,
2171,10/4/2022 5:50,71.577,50.664,11.8,,,
2172,10/4/2022 5:55,71.577,50.601,11.8,,,
2173,10/4/2022 6:00,71.577,50.633,11.8,,,
2174,10/4/2022 6:05,71.533,50.63,11.8,,,
2175,10/4/2022 6:10,71.533,50.63,11.8,,,
2176,10/4/2022 6:15,71.533,50.567,11.8,,,
2177,10/4/2022 6:20,71.49,50.595,11.8,,,
2178,10/4/2022 6:25,71.49,50.595,11.8,,,
2179,10/4/2022 6:30,71.49,50.595,11.8,,,
2180,10/4/2022 6:35,71.447,50.592,11.8,,,
2181,10/4/2022 6:40,71.447,50.56,11.8,,,
2182,10/4/2022 6:45,71.447,50.623,11.8,,,
2183,10/4/2022 6:50,71.404,50.588,11.8,,,
2184,10/4/2022 6:55,71.404,50.588,11.8,,,
2185,10/4/2022 7:00,71.361,50.554,11.8,,,
2186,10/4/2022 7:05,71.361,50.554,11.8,,,
2187,10/4/2022 7:10,71.317,50.582,11.8,,,
2188,10/4/2022 7:15,71.317,50.551,11.8,,,
2189,10/4/2022 7:20,71.317,50.582,11.8,,,
2190,10/4/2022 7:25,71.274,50.547,11.8,,,
2191,10/4/2022 7:30,71.274,50.516,11.8,,,
2192,10/4/2022 7:35,71.231,50.576,11.8,,,
2193,10/4/2022 7:40,71.231,50.544,11.8,,,
2194,10/4/2022 7:45,71.231,50.607,11.8,,,
2195,10/4/2022 7:50,71.231,50.544,11.8,,,
2196,10/4/2022 7:55,71.19,50.572,11.8,,,
2197,10/4/2022 8:00,71.19,50.541,11.8,,,
2198,10/4/2022 8:05,71.146,50.569,11.8,,,
2199,10/4/2022 8:10,71.146,50.569,11.8,,,
2200,10/4/2022 8:15,71.146,50.569,19.7,,,
2201,10/4/2022 8:20,71.146,50.569,19.7,,,
2202,10/4/2022 8:25,71.103,50.597,27.6,,,
2203,10/4/2022 8:30,71.103,50.597,27.6,,,
2204,10/4/2022 8:35,71.103,50.597,35.5,,,
2205,10/4/2022 8:40,71.103,50.597,35.5,,,
2206,10/4/2022 8:45,71.103,50.566,43.4,,,
2207,10/4/2022 8:50,71.06,50.594,51.2,,,
2208,10/4/2022 8:55,71.103,50.597,51.2,,,
2209,10/4/2022 9:00,71.103,50.566,59.1,,,
2210,10/4/2022 9:05,71.103,50.597,59.1,,,
2211,10/4/2022 9:10,71.103,50.535,59.1,,,
2212,10/4/2022 9:15,71.103,50.566,82.8,,,
2213,10/4/2022 9:20,71.103,50.566,74.9,,,
2214,10/4/2022 9:25,71.146,50.569,185.3,,,
2215,10/4/2022 9:30,71.146,50.569,201,,,
2216,10/4/2022 9:35,71.19,50.509,256.2,,,
2217,10/4/2022 9:40,71.231,50.418,264.1,,,
2218,10/4/2022 9:45,71.274,50.327,169.5,,,
2219,10/4/2022 9:50,71.361,50.333,279.9,,,
2220,10/4/2022 9:55,71.404,50.273,287.8,,,
2221,10/4/2022 10:00,71.49,50.216,303.5,,,
2222,10/4/2022 10:05,71.577,50.16,319.3,,,
2223,10/4/2022 10:10,71.62,50.163,264.1,,,
2224,10/4/2022 10:15,71.661,50.135,335.1,,,
2225,10/4/2022 10:20,71.748,50.109,350.8,,,
2226,10/4/2022 10:25,71.834,50.084,264.1,,,
2227,10/4/2022 10:30,71.964,49.999,358.7,,,
2228,10/4/2022 10:35,72.05,50.005,358.7,,,
2229,10/4/2022 10:40,72.136,49.98,366.6,,,
2230,10/4/2022 10:45,72.264,49.958,366.6,,,
2231,10/4/2022 10:50,72.351,49.901,374.5,,,
2232,10/4/2022 10:55,72.48,49.91,382.4,,,
2233,10/4/2022 11:00,72.61,49.857,390.2,,,
2234,10/4/2022 11:05,72.739,49.803,398.1,,,
2235,10/4/2022 11:10,72.869,49.781,398.1,,,
2236,10/4/2022 11:15,72.997,49.758,413.9,,,
2237,10/4/2022 11:20,73.126,49.736,413.9,,,
2238,10/4/2022 11:25,73.256,49.714,421.8,,,
2239,10/4/2022 11:30,73.429,49.663,429.7,,,
2240,10/4/2022 11:35,73.558,49.641,429.7,,,
2241,10/4/2022 11:40,73.688,49.555,445.4,,,
2242,10/4/2022 11:45,73.861,49.599,413.9,,,
2243,10/4/2022 11:50,73.99,49.545,461.2,,,
2244,10/4/2022 11:55,74.12,49.523,413.9,,,
2245,10/4/2022 12:00,74.295,49.536,469.1,,,
2246,10/4/2022 12:05,74.424,49.545,469.1,,,
2247,10/4/2022 12:10,74.554,49.555,477,,,
2248,10/4/2022 12:15,74.727,49.472,508.5,,,
2249,10/4/2022 12:20,74.899,49.484,492.7,,,
2250,10/4/2022 12:25,75.029,49.462,477,,,
2251,10/4/2022 12:30,75.204,49.475,524.3,,,
2252,10/4/2022 12:35,75.376,49.455,555.8,,,
2253,10/4/2022 12:40,75.551,49.404,500.6,,,
2254,10/4/2022 12:45,75.724,49.449,555.8,,,
2255,10/4/2022 12:50,75.898,49.493,484.9,,,
2256,10/4/2022 12:55,76.071,49.442,492.7,,,
2257,10/4/2022 13:00,76.203,49.483,500.6,,,
2258,10/4/2022 13:05,76.375,49.496,524.3,,,
2259,10/4/2022 13:10,76.55,49.476,406,,,
2260,10/4/2022 13:15,76.681,49.518,429.7,,,
2261,10/4/2022 13:20,76.854,49.499,477,,,
2262,10/4/2022 13:25,77.029,49.415,611,,,
2263,10/4/2022 13:30,77.16,49.425,477,,,
2264,10/4/2022 13:35,77.335,49.437,563.7,,,
2265,10/4/2022 13:40,77.509,49.386,484.9,,,
2266,10/4/2022 13:45,77.639,49.268,342.9,,,
2267,10/4/2022 13:50,77.77,49.309,437.5,,,
2268,10/4/2022 13:55,77.902,49.127,532.2,,,
2269,10/4/2022 14:00,78.033,49.264,524.3,,,
2270,10/4/2022 14:05,78.208,49.181,484.9,,,
2271,10/4/2022 14:10,78.339,49.158,500.6,,,
2272,10/4/2022 14:15,78.514,49.171,540,,,
2273,10/4/2022 14:20,78.645,49.084,571.6,,,
2274,10/4/2022 14:25,78.777,49.093,437.5,,,
2275,10/4/2022 14:30,78.91,48.975,595.2,,,
2276,10/4/2022 14:35,79.041,49.048,595.2,,,
2277,10/4/2022 14:40,79.173,48.801,477,,,
2278,10/4/2022 14:45,79.304,48.714,248.3,,,
2279,10/4/2022 14:50,79.48,48.983,311.4,,,
2280,10/4/2022 14:55,79.92,52.146,201,,,
2281,10/4/2022 14:56,,,,Logged,,
2282,10/4/2022 14:56,,,,,Logged,Logged
